nzl;abaisser;VERB
sme7 f;abandon;NOUN
sme7 f;abandonner;VERB
b8er;abasourdir;VERB
Dwwara;abats;NOUN
guerna;abattoir;NOUN
dbe7;abattre;VERB
m9ye7;abcès;NOUN
kersh;abdominal;NOUN
ne7la;abeille;NOUN
doun me3na/m3eyye9;aberrant;NOUN
annula;abolir;VERB
rijs;abomination;NOUN
shtirak;abonnement;NOUN
mshtarek;abonné;NOUN
fel moutanawal;abordable;NOUN
Tre7;aborder;VERB
nnawa7i;abords;NOUN
kayty7 lwld;abortif;NOUN
natija;aboutissement;NOUN
nbe7;aboyer;VERB
malja2;abri;NOUN
meshmash;abricot;NOUN
shjra dyal mshmash ;abricotier;NOUN
5ebbi;abriter;VERB
5taSer;abrégé;NOUN
ghiyab;absence;NOUN
ghayeb;absent;NOUN
mouTla9;absolu;NOUN
tamaman;absolument;NOUN
kishreb;absorbant;NOUN
kayssf;absorber;VERB
imtina3;abstention;NOUN
tajrid;abstraction;NOUN
bsala;absurdité;NOUN
zziyada;abus;NOUN
zid fi8;abuser;VERB
kaysi2;abusif;NOUN
3om9;abîme;NOUN
5esser;abîmer;VERB
m5esser;abîmé;NOUN
akadimi;académicien;NOUN
akadimi;académique;NOUN
wafe9;accepter;VERB
me9boul;accepté;NOUN
aksiswar;accessoire;NOUN
ksida;accident;NOUN
Tra bssodfa;accidentel;NOUN
men ghir 9aSd;accidentellement;NOUN
3enna9a;accolade;NOUN
2injaz;accomplir;VERB
ittifa9;accord;NOUN
man7;accorder;VERB
wled;accoucher;VERB
wellad;accoucheur;NOUN
mwellef;accoutumé;NOUN
3elle9;accrocher;VERB
zyada;accroissement;NOUN
zid;accroître;VERB
2isti9bal;accueil;NOUN
ste9bel;accueillir;VERB
tjma3;accumulation;NOUN
mojmi3;accumulator;NOUN
jme3;accumuler;VERB
to8ma;accusation;NOUN
moutta8am;accuser;VERB
motta8am;accusé;NOUN
dde5la;accès;NOUN
zreb;accélérer;VERB
kmmel 3li8;achever;VERB
kaml;achevé;NOUN
7amD;acide;NOUN
7emmeD;acidifier;VERB
7mouDiya;acidité;NOUN
7did;acier;NOUN
7eb shbab;acné;NOUN
meksoub;acquit;NOUN
df3 din;acquitter;VERB
shari;acquéreur;NOUN
shri;acquérir;VERB
moumattil;acteur;NOUN
5ddam;actif;NOUN
mousa8im;actionnaire;NOUN
7errek;activer;VERB
7raka;activité;NOUN
moumattila;actrice;NOUN
a5bar;actualité;NOUN
a5bar;actualités;NOUN
7ali;actuel;NOUN
7aliyan;actuellement;NOUN
kyf;adapter;VERB
mounassib;adapté;NOUN
l7ssab;addition;NOUN
zayed;additionnel;NOUN
jme3;additionner;VERB
mntami;adhérent;NOUN
mon5ariTin;adhérents;NOUN
t9iyyed;adhérer;VERB
wada3;adieu;NOUN
mousa3id;adjoint;NOUN
3taref;admettre;VERB
moudir;administrateur;NOUN
idari;administratif;NOUN
idara;administration;NOUN
siyyer;administrer;VERB
wa3er;admirable;NOUN
m3jab;admirateur;NOUN
mou3jab;admiratif;NOUN
i3jab;admiration;NOUN
moura8i9;ado;NOUN
moura8a9a;adolescence;NOUN
moura8i9;adolescent;NOUN
mora8i9;adolescente;NOUN
tbenna;adopter;VERB
tabanni;adoption;NOUN
mou7ib;adorateur;NOUN
7ob;adoration;NOUN
mou3ajaba;adoratrice;NOUN
3jeb;adorer;VERB
m7bouba;adorée;NOUN
reTTeb;adoucir;VERB
3ounwan;adresse;NOUN
5aTeb;adresser;VERB
8der m3a;adresser la parole à;NOUN
7adg;adroit;NOUN
adrenaline;adrénaline;NOUN
kbir;adulte;NOUN
5iyana zzawjiya;adultère;NOUN
De33ef;affaiblir;VERB
9aDiya;affaire;NOUN
i7ala;affectation;NOUN
3aTifi;affectueux;NOUN
m2etter;affecté;NOUN
3tter;affecté;NOUN
i3lan;affiche;NOUN
9iyyed;affilié;NOUN
t2kid;affirmation;NOUN
2ekked;affirmer;VERB
5l3a;affolement;NOUN
kay5le3;affreux;NOUN
waj8;affronter;VERB
bash;afin que;NOUN
ifri9i;africain;NOUN
ifri9i;Africain;NOUN
ifri9iya;Afrique;NOUN
berzeT;agacer;VERB
kayberzTo;agaçant;NOUN
wakala;agence;NOUN
modakkira;agenda;NOUN
3amil;agent;NOUN
boulisi;agent de police;NOUN
dki ;agile;NOUN
dir;agir;VERB
t3amel b7anane;agir avec affectation;NOUN
dir b7al monafi9;agir en hypocrite;NOUN
m5eD;agiter;VERB
5riyyef;agneau;NOUN
t3eddeb;agoniser;VERB
grafouz;agrafe;NOUN
grissi;agresser;VERB
3tida2;agression;NOUN
zwine;agréable;NOUN
jam3;agrégat;NOUN
mouwafa9a;agrément;NOUN
mousa3ada;aide;NOUN
3awen;aider;VERB
nser;aigle;NOUN
7ad;aigu;NOUN
2ibra;aiguille;NOUN
mouri;aiguille de montre;NOUN
fnta;aiguille à coudre;NOUN
meDDi;aiguiser;VERB
touma;ail;NOUN
jna7;aile;NOUN
blaSa o5ra;ailleurs;NOUN
mighnaTiss;aimant;NOUN
3iyyar;aimant;NOUN
7eb;aimer;VERB
nfeDDel;aimer mieux;NOUN
l8wa;air;NOUN
ma7aTa;aire;NOUN
baT;aisselle;NOUN
sa8el;aisé;NOUN
zid;ajouter;VERB
shrab;alcool;NOUN
skayeri;alcoolique;NOUN
mou7iT;alentour;NOUN
nnawa7i;alentours;NOUN
indar;alerte;NOUN
7edder;alerter;VERB
jabr;algèbre;NOUN
jabri;algébrique;NOUN
jaza2ir;Algérie;NOUN
jaza2iri;algérien;NOUN
jaza2iri;Algérien;NOUN
wekkel;alimenter;VERB
rdd3;allaiter;VERB
mshi;aller;VERB
mshi t7ej;aller en pélerinage;NOUN
ymshi f Tonobile;aller en véhicule;NOUN
7asasiyya;allergie;NOUN
Twl lw9t;allonger;VERB
w9ida;allumette;NOUN
mad8ar;allure;NOUN
kayshe88i;alléchant;NOUN
she88i;allécher;VERB
derb;allée;NOUN
allo;allô;NOUN
idane;alors;NOUN
l7orof;alphabet;NOUN
taSallo9;alpinisme;NOUN
moutaSalli9;alpiniste;NOUN
3lou;altitude;NOUN
TTaybouba;altruisme;NOUN
mashi anani;altruiste;NOUN
8awi;amateur;NOUN
sifara;ambassade;NOUN
safir;ambassadeur;NOUN
safira;ambassadrice;NOUN
mwaDe7sh;ambigu;NOUN
Tamou7;ambitieux;NOUN
Tomo7;ambition;NOUN
broSi;amende;NOUN
jib;amener;VERB
5lli.. idir;amener à;NOUN
merr;amer;NOUN
Sa7eb;ami;NOUN
sa7ba;amie;NOUN
mSa7ba;amitié;NOUN
7ob;amour;NOUN
mt7abbine;amoureux;NOUN
mou7ib;amoureux;NOUN
Seffa9a;ampoule;NOUN
bola;ampoule;NOUN
t9ta3;amputation;NOUN
9t3 ;amputer;VERB
mousalli;amusant;NOUN
De77ek;amuser;VERB
7ssn;améliorer;VERB
mirikani;Américain;NOUN
3ame;an;NOUN
7ellel;analyse;NOUN
7ellel;analyser;VERB
fawDa;anarchie;NOUN
fawDawi;anarchique;NOUN
tshri7;anatomie;NOUN
shTone;anchois;NOUN
9dim;ancien;NOUN
mdad;ancre;NOUN
salaf;ancêtre;NOUN
andalousi;andalou;NOUN
andaloussi;Andalou;NOUN
andalous;Andalouse;NOUN
andalouss;Andalousie;NOUN
mkelle5;andouille;NOUN
SoSiT diyal 7llouf;andouille;NOUN
noukta;anecdote;NOUN
benj;anesthésie;NOUN
bennaj;anesthésiste;NOUN
malak;ange;NOUN
7la9em;angine;NOUN
injlizi/ injlizia;anglais;NOUN
ngliziyya;anglais;NOUN
zawiya;angle;NOUN
9ala9;angoisse;NOUN
SmTa;anguille;NOUN
mrkn;anguleux;NOUN
7aywan;animal;NOUN
7ayawane 2alif;animal domestique;NOUN
3id milad;anniversaire;NOUN
i3lane;annonce;NOUN
3lem;annoncer;VERB
koulla 3am;annuel;NOUN
kolla 3am;annuellement;NOUN
ilgha2;annulation;NOUN
lghi;annuler;VERB
3aam;année;NOUN
maj8oul 8ouwiya;anonyme;NOUN
mashi 3adi;anormal;NOUN
tw93;anticiper;VERB
3ari9;antique;NOUN
sabi9;antécédent;NOUN
9ala9;anxiété;NOUN
ghosht;août;NOUN
mseTTe7;aplati;NOUN
ja8ennami;apocalyptique;NOUN
wad7;apparant;NOUN
ban;apparaître;VERB
mD8ar;apparence;NOUN
zewwej;apparier;VERB
Do8or;apparition;NOUN
sho99a/partma;appartement;NOUN
ntami;appartenir;VERB
3ayyeT;appeler;VERB
Sf9;applaudir;VERB
Tebbe9;appliquer;VERB
mTebbe9;appliqué;NOUN
jab;apporter;VERB
t3ellem;apprendre;VERB
7feD;apprendre par cœur;NOUN
t3ellem;apprendre à;NOUN
te3lam;apprentissage;NOUN
t3ellem;appris;NOUN
medrissi;apprivoisé;NOUN
wej8at nnaDar;approche;NOUN
9erreb;approcher;VERB
brek;appui;NOUN
d3em;appuyer;VERB
brej;appuyer;VERB
s7e9;appuyer en écrasant;NOUN
Tou3m;appât;NOUN
sha8iyya;appétit;NOUN
men be3d;après;NOUN
b3d rdda;après-demain;NOUN
3shiya;après-midi;NOUN
maw8iba;aptitude;NOUN
ma2i;aquatique;NOUN
3rbi;arabe;NOUN
3arbiyya;Arabe;NOUN
rtila;araignée;NOUN
shejra;arbre;NOUN
shjira;arbuste;NOUN
9aws;arc;NOUN
9awz 9ouza7;arc-en-ciel;NOUN
mou8andis;architecte;NOUN
ne9ra;argent;NOUN
flous;argent;NOUN
Tin;argile;NOUN
7oujja;argument;NOUN
l7sab;arithmétique;NOUN
mam7tarfsh;armateur;NOUN
sla7;arme;NOUN
plakar;armoire;NOUN
jaysh;armée;NOUN
arobas;arobas;NOUN
nek8i;aromatique;NOUN
7eyyed/nter;arracher;VERB
gad;arranger;VERB
3ti9al;arrestation;NOUN
wSel;arriver;VERB
woSol;arrivée;NOUN
lourr;arrière;NOUN
weld l3em ttani;arrière-cousin;NOUN
jed jed;arrière-grand-père;NOUN
metkebber / 3ajbou rasou;arrogant;NOUN
jm3;arrondir;VERB
menTa9a;arrondissement;NOUN
s9i;arroser;VERB
mwe99ef;arrêt;NOUN
ma7eTTa;arrêt;NOUN
7bes;arrêter;VERB
fen;art;NOUN
5ershouf;artichaut;NOUN
ma9al;article;NOUN
lafD;articulation;NOUN
Sani3;artisan;NOUN
fennan;artiste;NOUN
3er9;artère;NOUN
7alaba;arène;NOUN
7erf;arête;NOUN
mada9/nesma;arôme;NOUN
menfa;asile;NOUN
aspirateur;aspirateur;NOUN
9tel;assassiner;VERB
glss;asseoir;VERB
kafi;assez;NOUN
moujta8id;assidu;NOUN
7oDor;assiduité;NOUN
ghTar;assiette;NOUN
f8em;assimiler;VERB
7Der;assister;VERB
3awen;assister à;NOUN
jam3iyya;association;NOUN
jme3;associer;VERB
reTTeb;assouplir;VERB
ta2emine;assurance;NOUN
tti9a;assurance;NOUN
Dmen;assurer;VERB
mou2ammine;assureur;NOUN
mTma2n;assuré;NOUN
f... ddi9a;asthmatique;NOUN
ddi9a;asthme;NOUN
shwaf;astrologue;NOUN
8a2il;astronomique;NOUN
mTewwer;astucieux;NOUN
mamtmatlsh;asymétrique;NOUN
riyaDi;athlète;NOUN
riyaDi;athlétique;NOUN
riyaDa;athlétisme;NOUN
2il7ad;athéisme;NOUN
aTlasi;atlantique;NOUN
faDa2i3;atrocité;NOUN
rbeT;attacher;VERB
laSe9;attaché;NOUN
mou8ajim;attaquant;NOUN
8jem;attaque;NOUN
8jem;attaquer;VERB
wSel;atteindre;VERB
tsenna;attendre;VERB
mo7awala;attentat;NOUN
tsseniya;attente;NOUN
7aDi;attentif;NOUN
ntiba8;attention;NOUN
mntab8;attentionée;NOUN
kayjdeb;attirant;NOUN
jdeb;attirer;VERB
shed;attraper;VERB
moutir;attrayant;NOUN
3Ti;attribuer;VERB
l;au;NOUN
f;au bord de;NOUN
f3wT;au lieu de;NOUN
fi weST;au milieu de;NOUN
fil istira7a;au repos;NOUN
besslama;au revoir;NOUN
bi5oSoS;au sujet de;NOUN
fo9 men;au-delà de;NOUN
fo9 men;au-dessus de;NOUN
denjal;aubergine;NOUN
7tta wa7ed;aucun;NOUN
jor2a;audace;NOUN
z3aymi;audacieux;NOUN
moustami3;auditeur;NOUN
moustami3ine;auditoire;NOUN
zid;augmenter;VERB
lyouma;aujourd'hui;NOUN
Sada9a;aumône;NOUN
9bel;auparavant;NOUN
7da;auprès;NOUN
fjr;aurore;NOUN
7tta;aussi;NOUN
ta9shouf;austérité;NOUN
b7al;autant;NOUN
2aSil;authentique;NOUN
tawa7oud;autisme;NOUN
tomobil;auto;NOUN
Tobiss;autobus;NOUN
weld lblad;autochtone;NOUN
moubasharatan;automatiquement;NOUN
shifor;automobilisme;NOUN
lli sayeg;automobiliste;NOUN
l5rif;autonome;NOUN
Sti9lal ;autonomie;NOUN
ro5Sa;autorisation;NOUN
SoloTat;autorité;NOUN
a5or;autre;NOUN
sh7al 8adi;autrefois;NOUN
bi Tari9a o5ra / wa illa;autrement;NOUN
n3ama;autruche;NOUN
bl3;avaler;VERB
self;avance;NOUN
zad;avancer;VERB
9bel;avant;NOUN
wel bare7;avant-hier;NOUN
miza;avantage;NOUN
moufid;avantageux;NOUN
s9ram;avare;NOUN
tze9rim;avarice;NOUN
m3a;avec;NOUN
moghamara;aventure;NOUN
ghamer;aventurer;VERB
7edder;avertir;VERB
3tiraf;aveu;NOUN
3ma;aveugle;NOUN
3ma;aveugler;VERB
Tayarane;aviation;NOUN
Tiyyara;avion;NOUN
Ta2ira naffata;avion à réaction;NOUN
ra2i;avis;NOUN
mou7ami;avocat;NOUN
7taj;avoir besoin de;NOUN
mwellef;avoir coutume;NOUN
f... jjou3;avoir faim;NOUN
m7eshem;avoir honte;NOUN
dayer b7al;avoir l'air de;NOUN
fi... fwwa9a;avoir le hoquet;NOUN
t9esse7;avoir mal;NOUN
ba9a f...;avoir pitié;NOUN
8def;avoir pour but;NOUN
f... l3Tesh;avoir soif;NOUN
7da;avoir soin de;NOUN
dir ksida;avoir un accident;NOUN
3nd... kridi;avoir une dette;NOUN
iJhaD;avortement provoqué;NOUN
3taref;avouer;VERB
abril;avril;NOUN
mi7war;axe;NOUN
badi8i;axiome;NOUN
zre9 fate7;azur;NOUN
8ouwwi;aérer;VERB
jwwi;aérien;NOUN
maTar;aéroport;NOUN
bak;baccalauréat;NOUN
bktiriya;bactérie;NOUN
kayd7k 3la;bafouer;VERB
shanTa;bagage;NOUN
mdabza;bagarre;NOUN
tomobil;bagnole;NOUN
5atem;bague;NOUN
koumira/3Sa;baguette;NOUN
3oum;baigner;VERB
tfewwe8;bailler;VERB
te7mima;bain;NOUN
8ebbeT;baisser;VERB
sheTTaba;balai;NOUN
wazen;balancer;VERB
moTaysha;balançoire;NOUN
sheTTeb;balayer;VERB
shourfa;balcon;NOUN
9rTaSa;balle;NOUN
9rTaSa;balle de fusil;NOUN
ballet;ballet;NOUN
koura;ballon;NOUN
kora;ballon de football;NOUN
banana;banane;NOUN
m93ed;banc;NOUN
rba3a;bande;NOUN
banda;bandeau;NOUN
lafita;banderole;NOUN
bandi;bandit;NOUN
mne3;bannir;VERB
5ddam f banka;banquier;NOUN
m3md;baptiste;NOUN
berraka;baraque;NOUN
8amajiya;barbarie;NOUN
le7iya;barbe;NOUN
baroud;baroud;NOUN
7ajiz;barrière;NOUN
lte7t;bas;NOUN
8abeT;bas;NOUN
Tish;bascule;NOUN
2esses;baser;VERB
7be9;basilique;NOUN
2sasi;basique;NOUN
bagno;bassine;NOUN
flouka;bateau;NOUN
baTTaria / Tbel;batterie;NOUN
Dreb;battre;VERB
fi8(a) 8dra bzaf;bavard;NOUN
9wwet l8dra;bavardage;NOUN
bza9;bave;NOUN
riyyeg;baver;VERB
zwine;beau;NOUN
bzaf;beaucoup;NOUN
bzzaf diyal;beaucoup de;NOUN
men9ar;bec;NOUN
bij;beige;NOUN
beljiki;Belge;NOUN
bljiki;belge;NOUN
rari;bercer;VERB
7aja;besoin;NOUN
shmender;betterave;NOUN
zebda;beurre;NOUN
rDa3a;biberon;NOUN
injil;Bible;NOUN
mektaba;bibliothèque;NOUN
ghzala;biche;NOUN
bishkliTa;bicyclette;NOUN
mzyan;bien;NOUN
mou2akkad;bien sûr;NOUN
biftik;bifteck;NOUN
moujaw8arat;bijou;NOUN
jaw8ari;bijoutier;NOUN
7assila;bilan;NOUN
bshkiTo;biscuit;NOUN
bisoun;bison;NOUN
ghrib;bizarre;NOUN
birra;bière;NOUN
noukta;blague;NOUN
biyeD;blanc;NOUN
jre7;blesser;VERB
Derba;blessure;NOUN
mjro7;blessé;NOUN
mDrob;blessé;NOUN
zr9;bleu;NOUN
z3er;blond;NOUN
Tablia;blouse;NOUN
zre3;blé;NOUN
boubina;bobine;NOUN
shreb;boire;VERB
kay3rej;boiteux;NOUN
zlafa;bol;NOUN
frg3;bombarder;VERB
9nboula;bombe;NOUN
mzian;bon;NOUN
7elwa;bonbon;NOUN
sba7 l5ir;bonjour;NOUN
tSbe7 3ala 5ir;bonne nuit;NOUN
TTaguia;bonnet;NOUN
msa l5ir;bonsoir;NOUN
7afa;bord;NOUN
7dbba;bosse;NOUN
me3za;bouc;NOUN
gezzar;boucher;VERB
mjzara;boucherie;NOUN
boushouna;bouchon;NOUN
boushoun diyal l fershi;bouchon de liège;NOUN
l9ma;bouchée;NOUN
7ala9a ;boucle;NOUN
boudi;bouddhiste;NOUN
ghDeb;bouder;VERB
t7errek;bouger;VERB
shem3a;bougie;NOUN
yghli;bouillir;VERB
m5baza;boulanger;VERB
me5baza;boulangerie;NOUN
kora;boule;NOUN
shari3;boulevard;NOUN
tawra;bouleversement;NOUN
mreffe7;bourgeois;NOUN
jllad;bourreau;NOUN
boussole;boussole;NOUN
9r3a;bouteille;NOUN
ma7al;boutique;NOUN
7bouba;bouton;NOUN
Sdafa;bouton;NOUN
botona;bouton;NOUN
bwaTa;boîte;NOUN
3ersh;branche;NOUN
8ez;brandir;VERB
Dra3;bras;NOUN
tjawez;braver;VERB
n3ja;brebis;NOUN
britania;Breton;NOUN
lme3;briller;VERB
Toba;brique;NOUN
briki;briquet;NOUN
ri7 5fif;brise;NOUN
8erres;briser;VERB
9Tbane;brochette;NOUN
Trz;broder;VERB
shita;brosse;NOUN
brwiTa;brouette;NOUN
Dbaba;brouillard;NOUN
5elleT;brouiller;VERB
bghej;broyer;VERB
3la ghefla;brusquement;NOUN
55am;brut;NOUN
7re9;brûler;VERB
m7ro9;brûlé;NOUN
buffet;buffet;NOUN
fou9a3a;bulle;NOUN
bosTa;bureau de poste;NOUN
8adaf;but;NOUN
tfwa8;bâillement;NOUN
tfwwe8;bâiller;VERB
baTima;bâtiment;NOUN
bni;bâtir;VERB
3Sa;bâton;NOUN
motor;bécane;NOUN
3roubi;Bédouin;NOUN
tmtm;bégayer;VERB
rDa;bénir;VERB
rrbe7;bénéfice;NOUN
sima;béton;NOUN
b8ima/ghabiy;bête;NOUN
begri;bœuf;NOUN
3lash;c'est pourquoi;NOUN
ye3ni;c'est-à-dire;NOUN
bwiyyet;cabane;NOUN
7emmam;cabine de bain;NOUN
koushk;cabine téléphonique;NOUN
3iada;cabinet;NOUN
kawkawa;cacahuète;NOUN
5ebbi;cacher;VERB
hendi;cactus;NOUN
joutta;cadavre;NOUN
i9a3;cadence;NOUN
serra9 zzit;cafard;NOUN
makina dl9a8wa;cafetière;NOUN
98wa;café;NOUN
9fez;cage;NOUN
deftar;cahier;NOUN
semman;caille;NOUN
8ade2;calame;NOUN
7seb;calculer;VERB
kala;cale;NOUN
8ade2;calme;NOUN
yshwh soum3a;calomnier;VERB
rfi9;camarade;NOUN
kamiou;camion;NOUN
badiyya;campagne;NOUN
mosswira;caméra;NOUN
kanaDa;Canada;NOUN
9anat;canal;NOUN
9anawat;canalisation;NOUN
frash;canapé;NOUN
beTTa;canard;NOUN
SaraTane;cancer;NOUN
mreshe7;candidat;NOUN
3Sa;cane;NOUN
3kkaz;canne;NOUN
medfe3;canon;NOUN
9ader;capable;NOUN
7ajm;capacité;NOUN
capitan ;capitaine;NOUN
ghTa;capote;NOUN
moutir;captivant;NOUN
m7itash;car;NOUN
kar;car;NOUN
Tbe3;caractère;NOUN
5izo;carotte;NOUN
nou3 dl7out ;carpe;NOUN
9rmoud;carreau;NOUN
krwazma;carrefour;NOUN
shekkara;cartable;NOUN
karta;carte;NOUN
kartona;carton;NOUN
kartone;carton;NOUN
7ala;cas;NOUN
shellal;cascade;NOUN
9eSba;caserne;NOUN
9imaTer;casier;NOUN
kaskiTa;casquette;NOUN
8erres;casser;VERB
kasiTa;cassette;NOUN
karita;catastrophe;NOUN
kanisa;cathédrale;NOUN
naw3;catégorie;NOUN
sabab;cause;NOUN
sebbeb;causer;VERB
lakab;cave;NOUN
8ad;ce;NOUN
8ad Sba7;ce matin;NOUN
8ad;ceci;NOUN
SelTa;ceinture;NOUN
hada/hadi/hadchi;cela;NOUN
8adi;celle-ci;NOUN
5aliya;cellule;NOUN
lli;celui;NOUN
8ada;celui-ci;NOUN
cendrilla;Cendrillon;NOUN
sanTime;cent;NOUN
markazi;central;NOUN
2awSaT;centrale;NOUN
walakin;cependant;NOUN
dwwara;cercle;NOUN
tabout;cercueil;NOUN
7eb lmlouk;cerise;NOUN
shi;certain;NOUN
2akid;certainement;NOUN
wette9;certifier;VERB
39el;cerveau;NOUN
7bes;cesser;VERB
l7em;chair;NOUN
koursi;chaise;NOUN
bit n3as;chambre à coucher;NOUN
jmel;chameau;NOUN
fggi3;champignon;NOUN
baTal;champion;NOUN
z8er;chance;NOUN
tbdal l3ounwane;changement d'adresse;NOUN
beddel;changer;VERB
oghniya;chanson;NOUN
ghenni;chanter;VERB
moghanni;chanteur;NOUN
moughanniya;chanteuse;NOUN
lfetna;chaos;NOUN
Terboush;chapeau;NOUN
koulla;chaque;NOUN
kolla nhar;chaque jour;NOUN
fa5er;charbon;NOUN
kashir;charcuterie;NOUN
sharjma;chargement;NOUN
kllf;charger;VERB
shario;chariot;NOUN
ghzal;charmant;NOUN
7lawa;charme;NOUN
krroSa;charrue;NOUN
Sid;chasse;NOUN
Siyyed;chasser;VERB
SiyyaD;chasseur;NOUN
9eT;chat;NOUN
8er;chatouiller;VERB
9eTTa / faraj;chatte;NOUN
s5oun / Sa8d;chaud;NOUN
se5en;chauffer;VERB
shifour;chauffeur;NOUN
t9shira;chaussette;NOUN
SebbaT;chaussure;NOUN
TroToir;chaussée;NOUN
9re3;chauve;NOUN
5effash;chauve souris;NOUN
sensla;chaîne;NOUN
m3ellem;chef;NOUN
Tri9;chemin;NOUN
sekka diyal mashina;chemin de fer;NOUN
midfa2a;cheminée;NOUN
9amijja;chemise;NOUN
9elleb;chercher;VERB
3awdan;cheval;NOUN
fariss;chevalier;NOUN
5iyyeT;chevaucher;VERB
sh3er;cheveu;NOUN
shouviyya;cheville;NOUN
3end;chez;NOUN
ana9a;chic;NOUN
kelb;chien;NOUN
sherwiTa;chiffon;NOUN
ra9m;chiffre;NOUN
kimiya2;chimie;NOUN
kimia2i;chimiste;NOUN
jira7a;chirurgie;NOUN
Tbib jerra7;chirurgien;NOUN
SeDma;choc;NOUN
shklaT;chocolat;NOUN
5tar;choisir;VERB
5tiyyar;choix;NOUN
SDem;choquer;VERB
7aja;chose;NOUN
7ajat;choses;NOUN
chiflor;chou-fleur;NOUN
masi7i;chrétien;NOUN
wshwsh;chuchoter;VERB
Ti7a;chute;NOUN
9eSTal;châtaigne;NOUN
9Ser;château;NOUN
me3za;chèvre;NOUN
shoumour;chômeur;NOUN
siboulet;ciboulette;NOUN
sma;ciel;NOUN
sigar;cigare;NOUN
garro;cigarette;NOUN
shefer;cil;NOUN
ssima;ciment;NOUN
me9bara;cimetière;NOUN
mSeTi;cinglé;NOUN
5emsa;cinq;NOUN
5msine;cinquante;NOUN
3ella9a;cintre;NOUN
sinima;cinéma;NOUN
Derf;circonstance;NOUN
serkel;circuler;VERB
shme3;cire;NOUN
siri;cirer;VERB
m9eSS;ciseau;NOUN
m9es;ciseaux;NOUN
9awla;citation;NOUN
mouwaTin;citoyen;NOUN
7ameD;citron;NOUN
mdina;cité;NOUN
civil;civil;NOUN
meftou7;clair;NOUN
waDe7;clair;NOUN
a3lan;clamer;VERB
zde7;claquer;VERB
9sem;classe;NOUN
klassiki;classique;NOUN
sarout;clef;NOUN
kliyyan;client;NOUN
jaw;climat;NOUN
mkiyyef;climatisé;NOUN
ghmza;clin;NOUN
SbiTar;clinique;NOUN
jma3a;clique;NOUN
jarass;cloche;NOUN
7ajiz;cloison;NOUN
mesmar;clou;NOUN
kloun;clown;NOUN
nadi;club;NOUN
sarout;clé;NOUN
je7moum;clébard;NOUN
kobra;cobra;NOUN
Tonobila kbira;coche;NOUN
7ellouf;cochon;NOUN
coffre;coffre;NOUN
Sendo9;coffret;NOUN
manTi9i;cohérent;NOUN
msheT;coiffer;VERB
7ejjam;coiffeur;NOUN
kwaffoura;coiffeuse;NOUN
kwippa;coiffure;NOUN
9ont;coin;NOUN
kouliyya;colis;NOUN
colla;colle;NOUN
mjmou3a;collection;NOUN
jme3;collectionner;VERB
leSSe9;coller;VERB
39i9;collier;NOUN
mzad7a;collision;NOUN
7mama;colombe;NOUN
kolombiya;Colombie;NOUN
nou5a23 shawki;colonne vertébrale;NOUN
ddabez;combattre;VERB
sh7al;combien;NOUN
sh7al diyal;combien de;NOUN
kiDe77ek;comique;NOUN
commandar;commandant;NOUN
b7al/f7al;comme;NOUN
b7al 8akka;comme cela;NOUN
bdiya;commencement;NOUN
bda;commencer;VERB
kidayr labass?;comment allez-vous?;NOUN
tajir / biya3 w sherrayy;commerçant;NOUN
dir khata2;commetre une faute;NOUN
sha2i3 / 3omomi ;commun;NOUN
3amala;commune;NOUN
8dra;communication;NOUN
twaSSl;communiquer;VERB
sharika;compagnie;NOUN
Sa7bi;compagnon;NOUN
mo9arana;comparaison;NOUN
9arn;comparer;VERB
shafa9a;compassion;NOUN
moujamil;complaisant;NOUN
kamel;complet;NOUN
moujamala;compliment;NOUN
m3e99ed;compliquer;VERB
t2amer;comploter;VERB
tekmila;complément;NOUN
kemmel;compléter;VERB
tDemmen;comporter;VERB
moukwinat;composition;NOUN
f8em;comprendre;VERB
ttifa9;compromis;NOUN
ta9rir;compte-rendu;NOUN
ma8ara;compétence;NOUN
m5taS;compétent;NOUN
43166;con;NOUN
fima ya5oSS;concernant;NOUN
mt3elle9;concerner;VERB
m3ni;concerné;NOUN
5iyar;concombre;NOUN
taf9;concorder;VERB
tSabe9;concourir;VERB
mlmouss;concret;NOUN
7km 3la;condamner;VERB
sharT;condition;NOUN
sog;conduire;VERB
Sayyeb;confectionner;VERB
tti9a;confiance;NOUN
2emmen;confier;VERB
2ekked;confirmer;VERB
koufitir;confiture;NOUN
SDa3;conflit;NOUN
ghaleT;confondre;VERB
mwafe9;conforme;NOUN
btawafo9;conformément;NOUN
rra7a;confort;NOUN
mouri7;confortable;NOUN
mawaDe7sh;confus;NOUN
mou2etamar;conférence;NOUN
z7am;congestion;NOUN
3oTla;congé;NOUN
frigou;congélateur;NOUN
ma3rifa;connaissance;NOUN
3ref;connaître;VERB
tkonekta;connecter;VERB
m3rof;connu;NOUN
9a8r;conquérir;VERB
DDamir;conscience;NOUN
naSi7a;conseil;NOUN
nSe7;conseiller;VERB
nS7;conseiller;VERB
7afeD 3ala;conserver;VERB
kbir;considérable;NOUN
3taber;considérer;VERB
sjjl;consigner;VERB
wasi;consoler;VERB
mousta8lik;consommateur;NOUN
sti8lak;consommation;NOUN
sta8lek;consommer;VERB
dima;constamment;NOUN
la7D;constater;VERB
bni;construction;NOUN
Sayyeb;construire;VERB
stasher;consulter;VERB
tiSSa7;contact;NOUN
5rafa;conte;NOUN
tmeDer;contempler;VERB
fer7ane;content;NOUN
9ne3;contenter;VERB
mou7tawa;contenu;NOUN
7tej;contester;VERB
9arra;continent;NOUN
kemmel;continuer;VERB
kmml;continuer à;NOUN
ziyyer;contracter;VERB
mtna9ed;contradictoire;NOUN
3aks;contraire;NOUN
3a9d;contrat;NOUN
Ded;contre;NOUN
sa8em;contribuer;VERB
9ne3;convaincre;VERB
mounassib;convenable;NOUN
mounasib;convenablement;NOUN
walem;convenir;VERB
7awwel;convertir;VERB
i3ti9ad;conviction;NOUN
ferroj;coq;NOUN
5esh5ash;coquelicot;NOUN
9or2an;Coran;NOUN
ghrab;corbeau;NOUN
kourda;corde;NOUN
5erraz;cordonnier;NOUN
dat;corps;NOUN
3ala9a;correspondance;NOUN
mourasala;correspondance;NOUN
mounasib;correspondant;NOUN
mo9abil;correspondant;NOUN
twaf9;correspondre;VERB
wafe9;correspondre à;NOUN
Se77e7;corriger;VERB
rshi;corrompre;VERB
korea ljanoubya;Corée du Sud;NOUN
mousa8ama;cotisation;NOUN
3n9;cou;NOUN
n3es;coucher;VERB
kou7;coude;NOUN
5ayeT;coudre;VERB
ghTa;couette;NOUN
loun;couleur;NOUN
couloir;couloir;NOUN
de99a;coup;NOUN
moul lf3la;coupable;NOUN
kay 9eTTe3;coupant;NOUN
kwippa;coupe;NOUN
9t3;couper;VERB
9eTe3;couper avec des ciseaux;NOUN
zouj;couple;NOUN
zewej;coupler;VERB
9t3a;coupure;NOUN
cour/sa7a;cour;NOUN
shaja3a;courage;NOUN
shouja3;courageux;NOUN
moun7ana;courbe;NOUN
jri;courir;VERB
risalat;courrier;NOUN
Ders;cours;NOUN
9Sir;court;NOUN
5ddya;coussin;NOUN
ta9lid;coutume;NOUN
mwellef;coutume ;NOUN
5yaTa;couture;NOUN
5eyyaTa;couturière;NOUN
7Den;couver;VERB
skine w forshiTa;couvert;NOUN
gheTTi;couvrir;VERB
dib;coyote;NOUN
tSadef;coïncider;VERB
swa;coûter;VERB
ghali;coûteux;NOUN
39raysha;crabe;NOUN
bze9;cracher;VERB
Tabashir;craie;NOUN
9Te3;craquer;VERB
kravaTa;cravate;NOUN
9alam;crayon;NOUN
7fer;creuser;VERB
te9ba;creux;NOUN
ghwta;cri;NOUN
ghwwet;crier;VERB
jarima;crime;NOUN
bellar;cristal;NOUN
na9d;critique;NOUN
n9ed;critiquer;VERB
kerwatia;Croatie;NOUN
croshi;crochet;NOUN
timsa7;crocodile;NOUN
tiyye9;croire;VERB
2amen;croire;VERB
tla9a;croiser;VERB
9eshra;croûte;NOUN
5Der;cru;NOUN
shirrir;cruel;NOUN
joumjouma;crâne;NOUN
kridi;crédit;NOUN
Saweb;créer;VERB
5er9a;crêpe;NOUN
mouk3ab;cube;NOUN
9Tef;cueillir;VERB
m3al9a;cuillère;NOUN
Tiyyeb;cuir;NOUN
jjeld;cuire;VERB
couzina;cuisine;NOUN
Tiyyeb;cuisinier;NOUN
Tebba5a;cuisinière;NOUN
f5eD;cuisse;NOUN
slip;culotte;NOUN
7ret;cultiver;VERB
9ari;cultivé;NOUN
mzro3;cultivé;NOUN
ta9afa 3amma;culture;NOUN
ta9afa;culture;NOUN
bergag;curieux;NOUN
fdoul;curiosité;NOUN
3aSifa;cyclone;NOUN
kabel;câble;NOUN
stsslm;céder;VERB
9nnariya;céleri;NOUN
3azb;célibataire;NOUN
m3rof;célèbre;NOUN
7tafel;célébrer;VERB
7efla;cérémonie;NOUN
jnb;côte;NOUN
cotelette;côtelette;NOUN
ji8a/janib;côté;NOUN
lwada3;d'adieu;NOUN
3la 7ssab;d'après;NOUN
diyal lma;d'eau;NOUN
wa minhou;d'où;NOUN
bi Tari9a aw bi o5ra;d'une façon ou d'une autre;NOUN
ssiyeda;dame;NOUN
5atar;danger;NOUN
3aTir;dangereux;NOUN
f;dans;NOUN
sheT7a;danse;NOUN
shte7;danser;VERB
tari5;date;NOUN
toure5;dater;VERB
tmer;datte;NOUN
dilfine;dauphin;NOUN
kter;davantage;NOUN
diyal;de;NOUN
bekri;de bonne heure;NOUN
bTari9a oula 5ra;de façon ou d'autre;NOUN
3awtani;de nouveau;NOUN
kter;de plus en plus;NOUN
Afdaliya;de préférence;NOUN
b 2ay tari9a;de quelle manière;NOUN
merra merra;de temps en temps;NOUN
3ala ayati 7al;de toute manière;NOUN
wa9ef;debout;NOUN
lda5el;dedans;NOUN
daraja;degré;NOUN
3la berra;dehors;NOUN
ghedda Sba7;demain matin;NOUN
ghedda bellil;demain soir;NOUN
Tleb;demander;VERB
neSS;demi;NOUN
anissa;demoiselle;NOUN
senna;dent;NOUN
mn tmma;depuis;NOUN
le5er;dernier;NOUN
a5ir Say7a;dernier cri;NOUN
2a5iran;dernièrement;NOUN
Tiz;derrière;NOUN
mora;derrière;NOUN
lour;derrière;NOUN
soulala ;descendance;NOUN
8abeT/ men7ader;descendant;NOUN
8beT;descendre;VERB
8ebTa;descente;NOUN
waSf;description;NOUN
disir;dessert;NOUN
rasm;dessin;NOUN
rsem;dessiner;VERB
te7t;dessous;NOUN
lfo9;dessus;NOUN
moustalim;destinataire;NOUN
ittija8;destination;NOUN
5SSes;destiner;VERB
maSir;destinée;NOUN
kridi;dette;NOUN
7dad;deuil;NOUN
jouj;deux;NOUN
miyatayn;deux cents;NOUN
tani;deuxième;NOUN
gddam;devant;NOUN
welli;devenir;VERB
wajib;devoir;VERB
shiTan;diable;NOUN
le8ja;dialecte;NOUN
ni9ash;dialogue;NOUN
almas;diamant;NOUN
kersh jariya;diarrhée;NOUN
mla;dicter;VERB
2imla2;dictée;NOUN
2alla8;Dieu;NOUN
Alla8;Dieu;NOUN
3ayer;diffamer;VERB
biso3oba;difficilement;NOUN
b3t;diffuser;VERB
lfr9;différence;NOUN
m5alef;différent;NOUN
r9mi;digitale;NOUN
sharaf;dignité;NOUN
8Dem;digérer;VERB
dwweb;diluer;VERB
l7ed;dimanche;NOUN
7ajm;dimension;NOUN
dik roumi;dindon;NOUN
7m9;dingue;NOUN
sha8ada;diplôme;NOUN
sha8ada 3ouliya;diplôme de fin d'études;NOUN
goul;dire;VERB
wedde3;dire adieu;NOUN
9aSe7;direct;NOUN
nishane;direct;NOUN
nishane;directement;NOUN
moudir;directeur;NOUN
iDara;direction;NOUN
myz;discerner;VERB
tilmid;disciple;NOUN
2adab;discipline;NOUN
5eTba;discours;NOUN
mouna9asha;discussion;NOUN
na9sh;discuter;VERB
5tafi;disparaître;VERB
m3fi;dispenser;VERB
ferre9;disperser;VERB
moujoud;disponible;NOUN
mdabza;dispute;NOUN
ddabez;disputer;VERB
7eyyed;dissiper;VERB
masafa;distance;NOUN
ferrez;distinguer;VERB
il8a2;distraction;NOUN
l8i;distraire;VERB
talef;distrait;NOUN
ferre9;distribuer;VERB
twzi3;distribution;NOUN
mou5talaf;divers;NOUN
Tla9;divorce;NOUN
3shra;dix;NOUN
tmenTash;dix-huit;NOUN
tSe3Tash;dix-neuf;NOUN
sbe3tash;dix-sept;NOUN
mgyd;Docile;NOUN
Tbib;docteur médecin;NOUN
wati9a;document;NOUN
Sbe3;doigt;NOUN
sbe3 drjel;doigt du pied;NOUN
maydan;domaine;NOUN
2alif;domestique;NOUN
dar;domicile;NOUN
ghaleb;dominant;NOUN
lil 2asaf;dommage;NOUN
tabarro3/maw8iba;don;NOUN
3Ti;donner;VERB
mtafe9;donner son accord;NOUN
feshesh;dorloter;VERB
n3es;dormir;VERB
mde88eb;doré;NOUN
D8er;dos;NOUN
ddiwana;douane;NOUN
Doble;doubler;VERB
danone;Doublon;NOUN
doushe;douche;NOUN
7ri9;douleur;NOUN
shkk;doute;NOUN
shek;douter;VERB
rTeb;doux;NOUN
zina;douzaine;NOUN
Tnash;douze;NOUN
ra9 Tnash;douzième;NOUN
ghTa;drap;NOUN
izar;drap (de lit);NOUN
rebbi;dresser;VERB
7shish;drogue;NOUN
7a9;droit;NOUN
moud7ik;drôle;NOUN
shwia;du;NOUN
9ouleb;duper;VERB
9aSe7;dur;NOUN
9esse7;durcir;VERB
moudda;durée;NOUN
nashT;dynamique;NOUN
dinamo;dynamo;NOUN
7iwar;débat;NOUN
na9esh;débattre;VERB
bdaya;début;NOUN
bda;débuter;VERB
doujanbir;décembre;NOUN
5wi;décharger;VERB
9eTTe3;déchirer;VERB
5tar;décider;VERB
9arar;décision;NOUN
bayan;déclaration;NOUN
décolleté;décolleté;NOUN
decor;décor;NOUN
tzyin;décoration;NOUN
zwwe9;décorer;VERB
9eTTe3;découper;VERB
f9ed l7amas;décourager;VERB
ktishaf;découverte;NOUN
ktashef;découvrir;VERB
wSef;décrire;VERB
mout;décéder;VERB
5aS;dédier;VERB
stentej;déduire;VERB
7ami;défendre;VERB
difa3;défense;NOUN
defilé;défiler;VERB
le5er;définitif;NOUN
5ra;déféquer;VERB
dwweb;dégeler;VERB
kay3iyyef;dégoûtant;NOUN
lghda;déjeuner;VERB
tghedda;déjeuner;VERB
m8dm;délabré;NOUN
sme7 f;délaisser;VERB
7nin;délicat;NOUN
ldid;délicieux;NOUN
tferwe7;délirer;VERB
7k;démanger;VERB
demarshe;démarche;NOUN
bdiya;démarrage;NOUN
fDe7;démasquer;VERB
8eddem;démolir;VERB
bor8ane;démonstration;NOUN
r7il;déménagement;NOUN
ter7el;déménager;VERB
m3erri;dénudé;NOUN
nTila9;départ;NOUN
fout;dépasser;VERB
t3tamd;dépendre;VERB
mSrouf;dépense;NOUN
ze3fane;dépité;NOUN
7eT;déposer;VERB
ka2aba;dépression;NOUN
zrb;dépêcher;VERB
berzeT;déranger;VERB
5rej 3ala TTri9;dériver;VERB
sre9;dérober;VERB
karita;désastre;NOUN
se7ra;désert;NOUN
SSe7ra;désert;NOUN
3erri;déshabiller;VERB
3iyyen;désigner;VERB
raghba;désir;NOUN
bghi;désirer;VERB
makaysm3sh;désobéissant;NOUN
7azn;désoler;VERB
sme7liyya;désolé;NOUN
rwina;désordre;NOUN
men daba;désormais;NOUN
5alal;déséquilibre;NOUN
fk;détacher;VERB
tafaSil;détails;NOUN
ma ... 7melsh;détester;VERB
7ewwel;détourner;VERB
dmr;détruire;VERB
td8wr;détériorer;VERB
nemmi;développer;VERB
bdl l2itijah ;dévier;VERB
2i5laS;dévouement;NOUN
mkrss;dévoué;NOUN
b9a fih l7al;déçu;NOUN
t3esha;dîner;VERB
3sha;dîner;VERB
ma7iya;eau-de-vie;NOUN
ma bared;eau-forte;NOUN
ktaba mo9addasa;Ecriture sainte;NOUN
mse7;effacer;VERB
t2tir;effet;NOUN
shleT;effleurer;VERB
je8d;effort;NOUN
5le3;effraie;NOUN
kay5le3;effrayant;NOUN
miSer;Egypte;NOUN
miSri;Egyptien;NOUN
hya;elle;NOUN
houma;elles;NOUN
7ira / rtibak;embarras;NOUN
5ddem;embaucher;VERB
ziyyen;embellir;VERB
3enne9;embrasser;VERB
jib;emmener;VERB
imbraTor;empereur;NOUN
imbraToriya;empire;NOUN
5edma;emploi;NOUN
mowDDaf;employé;NOUN
tsellef;empreinte;NOUN
salaf;emprunt;NOUN
7bess;empêcher;VERB
fi;en;NOUN
b;en;NOUN
b7tta shi Tari9a;en aucune façon;NOUN
b7tta shi Tari9a;en aucune manière;NOUN
lgoudam;en avant;NOUN
men ghir;en dehors de;NOUN
wa5a kayn;en dépit de;NOUN
9ddam;en face de;NOUN
S7i7;en forme;NOUN
men le5er / bi5tiSar;en gros;NOUN
3oumouman;en général;NOUN
fl3ard;en largeur;NOUN
fnefs lwe9t;en même temps;NOUN
jouz2yan ;en partie;NOUN
w... dayez;en passant;NOUN
bi7oudour;en présence de;NOUN
f 3ala9a m3a;en relation avec;NOUN
walakin;en revanche;NOUN
bi 2aman;en sûreté;NOUN
f 3ayyi we9t;en tous temps;NOUN
bla fayda;en vain;NOUN
7amel;enceint;NOUN
irtibaT;enchaînement;NOUN
kettef;enchaîner;VERB
ba9i;encore;NOUN
mdad;encre;NOUN
mawsou3a;encyclopédie;NOUN
5sser;endommager;VERB
ne33es;endormir;VERB
blaSa;endroit;NOUN
d8ene;enduire;VERB
t7emmel;endurer;VERB
weld;enfant;NOUN
weld mtbenna;enfant adoptif;NOUN
drari;enfants;NOUN
wa a5iran;enfin;NOUN
sh3el;enflammer;VERB
ltizam;engagement;NOUN
sbb;engendrer;VERB
sed;engorger;VERB
ghbar;engrais;NOUN
7ayyed;enlever;VERB
3dw;ennemi;NOUN
lmalal;ennui;NOUN
9neT;ennuyer;VERB
moumil;ennuyeux;NOUN
t79i9;enquête;NOUN
9elleb;enquêter;VERB
tsjal;enregistrement;NOUN
ghni;enrichir;VERB
lwi;enrouler;VERB
llafita;enseigne;NOUN
t3lim;enseignement;NOUN
9erri;enseigner;VERB
kamlin;ensemble;NOUN
mshemmesh;ensoleillé;NOUN
men be3d;ensuite;NOUN
bda;entamer;VERB
gnaza;enterrement;NOUN
7amass;enthousiasme;NOUN
kamel;entier;NOUN
kouliyyan;entièrement;NOUN
dwwer;entourer;VERB
derreb;entraîner;VERB
bin;entre;NOUN
sharika;entreprise;NOUN
d5ol;entrer;VERB
d5el f;entrer dans;NOUN
8jem;envahir;VERB
bra;enveloppe;NOUN
rghba;envie;NOUN
b7al hakkak;environ;NOUN
tSwer;envisager;VERB
ba3t;envoi;NOUN
5aTa2;erreur;NOUN
Droj;escalier;NOUN
boubbousha;escargot;NOUN
blaSa;espace;NOUN
faDa2;espace;NOUN
Sblyoni;espagnol;NOUN
jasous;espion;NOUN
amal;espoir;NOUN
ro7;esprit;NOUN
tmenna;espérer;VERB
mou7awala;essai;NOUN
7awel;essayer;VERB
mou8im;essentiel;NOUN
mse7;essuyer;VERB
wash;est-ce qu' ... ?;NOUN
7tiram;estime;NOUN
9dder;estimer;VERB
ma3ida;estomac;NOUN
w;et;NOUN
men be3d;et puis;NOUN
ila a5irih;etc.;NOUN
oroppi;Européen;NOUN
bDDabT;exact;NOUN
di9a;exactitude;NOUN
zid fi8;exagérer;VERB
mouwe77ad;examen final;NOUN
f7eS;examiner;VERB
mzyan;excellent;NOUN
tfewwe9;exceller;VERB
ri7la;excursion;NOUN
3taDer;excuser;VERB
zziyada;excès;NOUN
matal;exemple;NOUN
temrine;exercice;NOUN
freD;exiger;VERB
nfi;exiler;VERB
ytwajd;exister;VERB
mjerreb;experimenté;NOUN
fesser;expliquer;VERB
staghel;exploiter;VERB
ktashef;explorer;VERB
tfergue3;exploser;VERB
3ebber;exprimer;VERB
bl3ani;exprès;NOUN
SifeT;expédier;VERB
tjriba;expérience;NOUN
ibid;exterminer;VERB
5ayali;extraordinaire;NOUN
a9Sa;extrême;NOUN
bzaf;extrêmement;NOUN
Sne3;fabrique;NOUN
Sayyeb;fabriquer;VERB
ji8a;face;NOUN
kemmara;face;NOUN
sa8el;facile;NOUN
bsou8oula;facilement;NOUN
se88el;faciliter;VERB
factour;facteur;NOUN
fatoura;facture;NOUN
5tiyari;facultatif;NOUN
jami3a;faculté;NOUN
D3if;faible;NOUN
Do3f;faiblesse;NOUN
n9ss f sh5sya;faiblesse de caractère;NOUN
jjou3;faim;NOUN
dir;faire;VERB
9ne3 ;faire accepter;NOUN
lemme7;faire allusion;NOUN
red lbal men;faire attention à;NOUN
ziyyed;faire avancer;NOUN
dir cadeau;faire cadeau;NOUN
7ebbes;faire cesser;NOUN
Tiyyeb fel ferrane;faire cuire au four;NOUN
dir SSda3;faire du bruit;NOUN
zelle9;faire glisser;NOUN
nke7;faire l'amour;NOUN
triguel;faire le malin;NOUN
wled;faire naître;NOUN
biyyen;faire paître;NOUN
bal;faire pipi;NOUN
y9ol bsslama;faire ses adieux;NOUN
3eshesh;faire son nid;NOUN
Tiyye7;faire tomber;NOUN
dir;fait;NOUN
5as;falloir;VERB
zwwer;falsifier;VERB
3a2ila;famille;NOUN
T7ine;farine;NOUN
3iyyi;fatiguer;VERB
3iyyan;fatigué;NOUN
sre9;faucher;VERB
7erref;fausser;VERB
arika;fauteuil;NOUN
5aTa2;faux;NOUN
mnaseb;favorable;NOUN
frssada;façade;NOUN
Tari9a;façon;NOUN
ounta;femelle;NOUN
mra;femme;NOUN
sherjem;fenêtre;NOUN
7did;fer;NOUN
7eddada;fer à repasser;NOUN
Sarim;ferme;NOUN
sed;fermer;VERB
sed bssarout;fermer à clé;NOUN
snssla;fermeture-éclair;NOUN
5ddam f mzra3a;fermier;NOUN
fella7;fermier;NOUN
terma / mo2a5ira;fesse;NOUN
3afia;feu;NOUN
wer9a;feuille;NOUN
wra9 shjr;feulliage;NOUN
ma5Tob;fiancé;NOUN
5aTib;fiancé;NOUN
m5Toba;fiancée;NOUN
5oTba;fiançailles;NOUN
milef;fichier;NOUN
mo5liS;fidèle;NOUN
wala2e;fidélité;NOUN
fa5our;fier;VERB
fti5ar;fierté;NOUN
shri7a;figue;NOUN
5ayT;fil;NOUN
SSef;file;NOUN
shebka;filet;NOUN
bent;fille;NOUN
bnita;fillette;NOUN
film;film;NOUN
weld;fils;NOUN
filtri;filtrer;VERB
Seffi;filtrer;VERB
ni8aya;fin;NOUN
sala;finir;VERB
fixé;fixe;NOUN
7edded;fixer;VERB
leSSe9;fixer;VERB
s5ana;fièvre;NOUN
zaja;flacon;NOUN
3afiya;flamme;NOUN
jamel;flatter;VERB
werda;fleur;NOUN
wad;fleuve;NOUN
ghazel;flirter;VERB
karita;fléau;NOUN
teni;fléchir;VERB
sa8m;flêche;NOUN
mzmar;flûte;NOUN
2iman;foi;NOUN
kebda;foie;NOUN
tben;foin;NOUN
merra;fois;NOUN
mowDDaf;fonctionnaire;NOUN
5dem;fonctionner;VERB
mghlo9;foncé;NOUN
9a3;fond;NOUN
sass;fondation;NOUN
2esses;fonder;VERB
doub;fondre;VERB
gssa;fontaine;NOUN
kora;foot;NOUN
kora;football;NOUN
Se77a;force;NOUN
Dght ;forcer;VERB
shkel;forme;NOUN
kwwen;former;VERB
3ajib;formidable;NOUN
sigha;formule;NOUN
S7i7;fort;NOUN
terwa;fortune;NOUN
forum;forum;NOUN
raba;forêt;NOUN
7me9;fou;NOUN
ber9;foudre;NOUN
3Sa;fouet;NOUN
derra;foulard;NOUN
jma3a;foule;NOUN
ferran;four;NOUN
forshiTa;fourchette;NOUN
nemla;fourmi;NOUN
boTa;fourneau;NOUN
mwn;fournir;VERB
ghbar;foutre;VERB
dar;foyer;NOUN
jouz2;fraction;NOUN
8ers;fracture;NOUN
Terf;fragment;NOUN
bared;frais;NOUN
Tri;frais;NOUN
touta;framboise;NOUN
Sari7;franc;NOUN
fransa;France;NOUN
fransawia;Français;NOUN
fransawi;français;NOUN
faranssia;Française;NOUN
Dreb;frapper;VERB
ou5ouwwa;fraternité;NOUN
ghesh;frauder;VERB
5el3a;frayeur;NOUN
7lwa;friandise;NOUN
9li;frire;VERB
boucla;friser;VERB
tbourisha;frisson;NOUN
tbouresh;frissonner;VERB
bared/ berd;froid;NOUN
brouda;froideur;NOUN
formaj;fromage;NOUN
jb8a;front;NOUN
7oudoud;frontière;NOUN
7ek;frotter;VERB
faki8a;fruit;NOUN
5ouia;frère;NOUN
9ousha3rira;frémir;VERB
ktir;fréquemment;NOUN
kat3awd;fréquent;NOUN
3asher;fréquenter;VERB
8rb;fuir;VERB
L8rba;fuite;NOUN
kmi;fumer;VERB
d5ane;fumée;NOUN
Sa5eT;furieux;NOUN
Sarou5;fusil;NOUN
sarou5;fusée;NOUN
moust9bal;futur;NOUN
foula;fève;NOUN
tti7ad;fédération;NOUN
8enne2;féliciter;VERB
3anif;féroce;NOUN
fibrayr;février;NOUN
7fla;fête;NOUN
7tafel;fêter;VERB
rbe7;gagner;VERB
rrbe7;gain;NOUN
5er9a;galette;NOUN
tshel9ima;galoche;NOUN
7en9ez;gambader;VERB
ber8oush;gamin;NOUN
liga;gant;NOUN
garaj;garage;NOUN
3essas;gardien;NOUN
ma7eTTa;gare;NOUN
blaSSi;garer;VERB
weld;garçon;NOUN
serbay;garçon de café;NOUN
wlad w bnat;garçons et filles;NOUN
Diyye3;gaspiller;VERB
liSer;gauche;NOUN
zamel;gay;NOUN
ghaz;gaz;NOUN
rbi3;gazon;NOUN
kayghrd;gazouiller;VERB
jmmed;geler;VERB
mjemda;gelée;NOUN
l7em ssnan;gencive;NOUN
jaDarmi;gendarme;NOUN
nssib;gendre;NOUN
rekba;genou;NOUN
naSs;gens;NOUN
Driyyef;gentil;NOUN
7zma;gerbe;NOUN
sh9i9;germain;NOUN
nbt;germer;VERB
tdbir;gestion;NOUN
3imla9;gigantesque;NOUN
jilli;gilet;NOUN
zarafa;girafe;NOUN
glace;glace;NOUN
zale9;glissant;NOUN
zle9;glisser;VERB
kora;globe;NOUN
gouma;gomme;NOUN
nfe5;gonfler;VERB
7el9;gorge;NOUN
7efra;gouffre;NOUN
kat3jbo lmakla;gourmand;NOUN
9tra;goutte;NOUN
9tra dyal lma;goutte d'eau;NOUN
me5zene;gouvernement;NOUN
mada9;goût;NOUN
do9;goûter;VERB
fabor;gracieux;NOUN
zerri3a;graine;NOUN
she7ma;graisse;NOUN
kbir;grand;NOUN
jedda;grand-maman;NOUN
jedda;grand-mère;NOUN
jed;grand-père;NOUN
lkber;grandeur;NOUN
kber;grandir;VERB
sh7ma;gras;NOUN
7ek;gratter;VERB
5aTir;grave;NOUN
n9esh;graver;VERB
kayaS;gravier;NOUN
tSelle9;gravir;VERB
jadibiya;gravitation;NOUN
younani;grec;NOUN
dekkana;grenier;NOUN
jrana;grenouille;NOUN
Dfar;griffe;NOUN
5besh;griffer;VERB
shbbak;grille;NOUN
t9beT;griller;VERB
7re9;griller;VERB
SerSar;grillon;NOUN
mshwi;grillé;NOUN
rmadi;gris;NOUN
nger;grogner;VERB
ghewet;gronder;VERB
ghliD;gros;NOUN
rlad;grossir;VERB
ka8f;grotte;NOUN
ghli;grouiller;VERB
mjmou3a;groupe;NOUN
grouwwa;grue;NOUN
faDl;grâce;NOUN
bfaDl;grâce à;NOUN
idrab;grève;NOUN
tebrouri;grêle;NOUN
7erb;guerre;NOUN
morshid;guide;NOUN
wejje8;guider;VERB
bra ;guérir;VERB
zerzor;guêpe;NOUN
diyye3;gâcher;VERB
kika;gâteau;NOUN
fshsh;gâter;VERB
3ame;général;NOUN
s5i;généreux;NOUN
karam;générosité;NOUN
joughrafiya;géographie;NOUN
joghrafia;géographique;NOUN
jourghrafiyya;géologie;NOUN
moussyir;gérant;NOUN
7rej;gêner;VERB
dakiy;habile;NOUN
9odra;habilité;NOUN
labes;habiller;VERB
sakn;habitant;NOUN
ssekna;habitation;NOUN
sken;habiter;VERB
welf;habitude;NOUN
m2louf;habituel;NOUN
wellef;habituer;VERB
m9adda;hache;NOUN
T7en;hacher;VERB
Sennara;hameçon;NOUN
hangar;hangar;NOUN
Loubya ;haricot;NOUN
nsijam;harmonie;NOUN
mneSSe9;harmonieux;NOUN
mnsajm;harmonique;NOUN
z8er;hasard;NOUN
ziyyada;hausse;NOUN
zad/tl3;hausser;VERB
8ez lktaf;hausser les épaules;NOUN
3ali;haut;NOUN
fog;haut;NOUN
3lou;hauteur;NOUN
kre8;haïr;VERB
rbi3;herbe;NOUN
li 7ossn l7aDD;heureusement;NOUN
fer7ane;heureux;NOUN
tSadem;heurter;VERB
bouma;hibou;NOUN
lbare7;hier;VERB
lbare7 bllil;hier soir;NOUN
9issa/tari5;histoire;NOUN
rajl;homme;NOUN
rajol 3ilm;homme de science;NOUN
sharaf;honneur;NOUN
Sari7;honnête;NOUN
kaysherref;honorable;NOUN
sherref;honorer;VERB
taw9it;horaire;NOUN
2ofo9;horizon;NOUN
ofo9i;horizontal;NOUN
magana;horloge;NOUN
ma3ada;hormis;NOUN
5arij;hors;NOUN
3ida2i;hostile;NOUN
zit;huile;NOUN
tmniya;huit;NOUN
insane;humain;NOUN
moutawadi3;humble;NOUN
fazeg;humide;NOUN
8mel;humilier;VERB
dde7k;humour;NOUN
7mmoS;humus;NOUN
ghwat;hurlement;NOUN
ghwwet;hurler;VERB
naDafa;hygiène;NOUN
shi3ar;hymne;NOUN
tnwim mighnaTissi;hypnose;NOUN
monafi9;hypocrite;NOUN
mounafi9;hypocrite;NOUN
faraDia;hypothèse;NOUN
8istiria;hystérie;NOUN
bzzerba;hâte;NOUN
3ibri;hébraïque;NOUN
3ibriya;Hébreu;NOUN
ferfara;hélice;NOUN
bwassr;hémorroïde;NOUN
t3Sb;hérisser;VERB
9nfoud;hérisson;NOUN
wret;hériter;VERB
baTal;héros;NOUN
8irowine;héroïne;NOUN
baTala;héroïne ;NOUN
shaja3a;héroïsme;NOUN
7ir;hésiter;VERB
SbiTar;hôpital;NOUN
fnde9;hôtel;NOUN
3ref;identifier;VERB
b7al b7al;identique;NOUN
8bil;idiot;NOUN
mitali;idéal;NOUN
fikra;idée;NOUN
8owa;il;NOUN
7anan;Il aime bricoler alors je lui ai acheté un marteau;NOUN
kayen;il y a;NOUN
newwer;illuminer;VERB
wD7;illustrer;VERB
houma;ils;NOUN
basel;imbécile;NOUN
9elled;imiter;VERB
3imla9;immense;NOUN
moubel;immeuble;NOUN
makit7erreksh;immobile;NOUN
fase9;immoral;NOUN
fi lblaSa;immédiat;NOUN
fl7in;immédiatement;NOUN
makamelsh;imparfait;NOUN
Tri9 mssdouda;impasse;NOUN
makiSbersh;impatient;NOUN
sa8em;impliquer;VERB
Tleb;implorer;VERB
ma 2eddebsh;impoli;NOUN
a8amiya;importance;NOUN
mou8im;important;NOUN
stwred;importer;VERB
fred;imposer;VERB
mosta7il;impossible;NOUN
Tab3;impression;NOUN
Tbe3;imprimer;VERB
rtajl;improviser;VERB
Dariba;impôt;NOUN
mashi mtwe99e3;inattendu;NOUN
ghefla;inattention;NOUN
dshn;inaugurer;VERB
ma9adersh;incapable;NOUN
3afiya;incendie;NOUN
mashi mt2ekked;incertain;NOUN
mj8oul;incertain;NOUN
ta7riD;incitation;NOUN
shejje3;inciter;VERB
miyyel;incliner;VERB
mej8oul;inconnu;NOUN
5ayali;incroyable;NOUN
zayed na9eS;indifférent;NOUN
werri/shir;indiquer;VERB
ghayr mobashir;indirect;NOUN
mate9dersh t3ish bla bi8;indispensable;NOUN
mamsewwe9sh;indulgent;NOUN
Sina3a;industrie;NOUN
Sina3i;industriel;NOUN
msta9el;indépendant;NOUN
3adi;infecter;VERB
fermli;infirmier;NOUN
fermliyya;infirmière;NOUN
2etter;influer;VERB
3lem;informer;VERB
Tle9;infuser;VERB
9el;inférieur;NOUN
nkkar jmil;ingrat;NOUN
mou8andis;ingénieur;NOUN
moubadara ;initiative;NOUN
m3your;injure;NOUN
bari2;innocent;NOUN
fayaDan;inondation;NOUN
ghre9 bi l'ma;inonder;VERB
m8moum;inquiet;NOUN
9iyyed;inscrire;VERB
7ashara;insecte;NOUN
me3ni;insinuer;VERB
7ellel;inspecter;VERB
mouftish;inspecteur;NOUN
installa;installer;VERB
soulta;instance;NOUN
la7Da;instant;NOUN
ghariza;instinct;NOUN
m38ad;institut;NOUN
oustad;instituteur;NOUN
mou3llima;institutrice;NOUN
amr;instruction;NOUN
9erri;instruire;VERB
ala;instrument;NOUN
ne9S;insuffisance;NOUN
makafish;insuffisant;NOUN
3ayer;insulter;VERB
daka2;intelligence;NOUN
dki;intelligent;NOUN
niyya;intention;NOUN
man3;interdiction;NOUN
mamnou3;interdit;NOUN
mmnou3;interdit;NOUN
mtwaSSeT;intermédiaire;NOUN
3alami;international;NOUN
da5el;interne;NOUN
stjwb;interroger;VERB
9aTe3;interrompre;VERB
tde5el;intervenir;VERB
tada5ol;intervention;NOUN
mou9abala;interview;NOUN
mou8im;interéssant;NOUN
mSaren;intestin;NOUN
sha5Si;intime;NOUN
la9ab;intitulé;NOUN
m8d;introduire;VERB
dmj;intéger;NOUN
mou8im;intéressant;NOUN
8em;intéresser;VERB
lda5el;intérieur;NOUN
da5el;intérieur;NOUN
rbbe7;intérêt;NOUN
makaytbdlsh;invariable;NOUN
8oujoum;invasion;NOUN
5tare3;inventer;VERB
stetmer;investir;VERB
da3wa;invitation;NOUN
istid3a2;invoquer;VERB
mashi mtwe99e3;invraisemblable;NOUN
3ira9;Irak;NOUN
irani;iranien;NOUN
irlandiyya;Irlandaise;NOUN
Irlanda;Irlande;NOUN
3SSeb;irriter;VERB
2islam;islam;NOUN
5erja;issue;NOUN
TTaliyane;Italie;NOUN
Talyani;italien;NOUN
Talianiyya;Italienne;NOUN
3aj;ivoire;NOUN
skran;ivre;NOUN
sokr;ivresse;NOUN
ghira;jalousie;NOUN
mghyar;jaloux;NOUN
ma3mer;jamais;NOUN
jamaika;Jamaïque;NOUN
rjel;jambe;NOUN
yanayer;janvier;NOUN
jjappoun;Japon;NOUN
jappounia;Japonaise;NOUN
jrda;jardin;NOUN
Sfer;jaune;NOUN
ana;je;NOUN
lou7;jeter;VERB
le3ba;jeu;NOUN
l5mis;jeudi;NOUN
shab;jeune;NOUN
Som;jeûner;VERB
fer7a;joie;NOUN
jme3;joindre;VERB
zwin;joli;NOUN
katla3b ;jongler;VERB
7nk;joue;NOUN
l3eb;jouer;VERB
lo3ba;jouet;NOUN
tmette3 b;jouir de;NOUN
n8ar;jour;NOUN
n8ar 3oTla;jour férié;NOUN
jarida;journal;NOUN
yawmi;journalier;NOUN
Sa7afi;journaliste;NOUN
n9ar;journée;NOUN
sa3id;joyeux;NOUN
7akam;juge;NOUN
7okm;jugement;NOUN
7kem;juger;VERB
i8oudi;juif;NOUN
younyou;juin;NOUN
twam;jumeaux;NOUN
adral;jungle;NOUN
Saya;jupe;NOUN
7lef;jurer;VERB
3aSir;jus;NOUN
7ta l...;jusqu'à;NOUN
Sa7i7;juste;NOUN
ghir;juste;NOUN
bDDabT;justement;NOUN
l9ods;Jérusalem;NOUN
kini;Kenyan;NOUN
kilometre;kilomètre;NOUN
DDO;La lumière s'est éteinte toute seule;NOUN
mou5tabar;laboratoire;NOUN
7rt;labourer;VERB
Daya;lac;NOUN
syour;lacet;NOUN
Souf;laine;NOUN
7lib;lait;NOUN
5eS;laitue;NOUN
jenwi;lame;NOUN
mou2sif;lamentable;NOUN
poTo diyal DDo;lampadaire;NOUN
bola;lampe;NOUN
lou7;lancer;VERB
lougha;langage;NOUN
lougha;langue;NOUN
lsane;langue;NOUN
sbeliyounia;langue espagnole;NOUN
fronsi;langue française;NOUN
l3ibriya;langue hébraïque;NOUN
llougha japounia;langue japonaise;NOUN
loura bourtouraliya;langue portugaise;NOUN
9niyya;lapin;NOUN
wase3;large;NOUN
3arD;largeur;NOUN
dem3a;larme;NOUN
5zama;lavande;NOUN
ghssl;laver;VERB
al;le;NOUN
Sba7;le matin;NOUN
a7san;le mieux;NOUN
lfaragh;le néant;NOUN
llil;le soir;NOUN
t9il;lent;NOUN
bshwiyya;lentement;NOUN
3adasa;lentille;NOUN
SSabone;lessive;NOUN
diyalhom;leur;NOUN
noD;lever;VERB
lyed;levier;NOUN
drss;leçon;NOUN
7oriya;liberté;NOUN
mektaba;librairie;NOUN
7errer;libérer;VERB
ter5iS / ijaza;licence;NOUN
jraw 3lih;licencier;VERB
3ala9a;lien;NOUN
rbeT;lier;VERB
blaSa;lieu;NOUN
ligue ;lieue;NOUN
5aT;ligne;NOUN
mbreD;lime;NOUN
njer;limer;VERB
l7ed;limite;NOUN
7dded;limiter;VERB
Safi;limpide;NOUN
tSbane;linge;NOUN
sa2il;liquide;NOUN
9ra;lire;VERB
frash diyal lwlada;lit d'accouchement;NOUN
iTro;litre;NOUN
tewSil;livraison;NOUN
ktab;livre;NOUN
wSSl;livrer;VERB
lfershi;liège;NOUN
ma7al;local;NOUN
ma7elli;local;NOUN
kerray;locataire;NOUN
ssekna;logement;NOUN
sken;loger;VERB
manTi9;logique;NOUN
9anoun;loi;NOUN
b3id;loin;NOUN
b3id;lointain;NOUN
w9t lfaragh;loisir;NOUN
moudda Twila;longtemps;NOUN
TTol;longueur;NOUN
mni;lors;NOUN
mad7;louange;NOUN
7wel;loucher;VERB
kri;louer;VERB
dib;loup;NOUN
moukebbira;loupe;NOUN
t9il;lourd;NOUN
diba;louve;NOUN
wafiy;loyal;NOUN
lkra;loyer;NOUN
houwa;lui;NOUN
bri;luire;VERB
kaylme3;luisant;NOUN
inara;luminaire;NOUN
mDowwi;lumineux;NOUN
tnayn;lundi;NOUN
gemra;lune;NOUN
nDader;lunette;NOUN
nDaDer;lunettes;NOUN
3oud;luth;NOUN
9awem;lutter;VERB
i3dadiya;lycée;NOUN
8na;là;NOUN
jabane;lâche;NOUN
Tle9;lâcher;VERB
shareb;lèvre;NOUN
l7es;lécher;VERB
5fif;léger;NOUN
bshwia;légerement;NOUN
shr3i;légitime;NOUN
5Dra;légume;NOUN
wezgha;lézard;NOUN
diyali;ma;NOUN
makina;machine;NOUN
siyeda;madame;NOUN
2anisa;mademoiselle;NOUN
7anout;magasin;NOUN
ss7our;magie;NOUN
ms7our;magique;NOUN
3ajib;magnifique;NOUN
magnéto;magnétophone;NOUN
mo7ammad;Mahomet;NOUN
d3if;maigre;NOUN
mayyo;maillot de bain;NOUN
yed;main;NOUN
daba;maintenant;NOUN
3omda;maire;NOUN
dar;maison;NOUN
dar l97ab;maison close;NOUN
t9en;maitriser;NOUN
3ari9;majestueux;NOUN
jalalat;majesté;NOUN
aghlabiyya;majorité;NOUN
5ayeb;mal;NOUN
mriD;malade;NOUN
maraD;maladie;NOUN
m5wTer;maladroit;NOUN
sou2 tafa8oum;malentendu;NOUN
wakha;malgré;NOUN
mouSiba/ne7ss;malheur;NOUN
ll2assaf;malheureusement;NOUN
7azin;malheureux;NOUN
mTewer;malin;NOUN
mashi Si77i;malsain;NOUN
3amel 5ayeb;maltraiter;VERB
mama;maman;NOUN
bzzoula;mamelon;NOUN
ttadiyat;mammifère;NOUN
kem;manche;NOUN
mandarin;mandarine;NOUN
kaytkal;mangeable;NOUN
kla;manger;VERB
bliya;manie;NOUN
t3aml;manier;VERB
7tajj;manifester;VERB
Tari9a;manière;NOUN
na9s;manque;NOUN
zguel;manquer;VERB
twe7esh;manquer;VERB
yadawi;manuel;NOUN
mounawara;manœuvre;NOUN
Sog;manœuvrer;NOUN
makiyyaj;maquillage;NOUN
r5am;marbre;NOUN
ssel3a;marchandise;NOUN
mshi;marche;NOUN
ymshi;marcher;VERB
tmsha fou9;marcher sur;NOUN
So9;marché;NOUN
tlat;mardi;NOUN
rajel;mari;NOUN
rajel w mra;mari et femme;NOUN
zwaj;mariage;NOUN
mariam;Marie;NOUN
zwwej;marier;VERB
mounika;marionnette;NOUN
rajel;marié;NOUN
mjwwej;marié;NOUN
mzwj;marié;NOUN
mra;mariée;NOUN
3roSa;mariée;NOUN
meghrib;Maroc;NOUN
mghribi;marocain;NOUN
marqua;marque;NOUN
3llm;marquer;VERB
98wi;marron;NOUN
maris;Mars;NOUN
marseille;Marseille;NOUN
mTer9a;marteau;NOUN
b7er 8abeT;marée basse;NOUN
b7er Tale3;marée haute;NOUN
9ina3;masque;NOUN
5eSSer;massacrer;VERB
kotla/jou9a;masse;NOUN
8a2il;massif;NOUN
silsila djbal;massif de montagnes;NOUN
ryadiyat;mathématiques;NOUN
Sba7;matin;NOUN
Seb7ia;matinée;NOUN
madda;matière;NOUN
madda;matériau;NOUN
mou3iddat;matériel;NOUN
n3el;maudire;VERB
moritani;mauritanien;NOUN
5ayeb;mauvais;NOUN
a9Sa 7ed;maximum;NOUN
bennay;maçon;NOUN
mou3llim;maître;NOUN
SSa7ba;maîtresse ;NOUN
moulato;maîtresse;NOUN
mou3allima;maîtresse;NOUN
dra;maïs;NOUN
mekka;Mecque;NOUN
a7ssan;meilleur;NOUN
bTi5a;melon;NOUN
beTTi5a;melon d'eau;NOUN
farD;membre;NOUN
t8did;menace;NOUN
se33ay;mendiant;NOUN
s3i;mendier;VERB
gidi;mener;VERB
sha8ri;mensuel;NOUN
sha8riyan;mensuellement;NOUN
keddab;menteur;NOUN
ne3na3;menthe;NOUN
nejjar;menuisier;NOUN
b7r;mer;NOUN
shoukrane;merci;NOUN
larbe3;mercredi;NOUN
5riya;merde;NOUN
mirna;merlan;NOUN
3ajib;merveilleux;NOUN
diyawli;mes;NOUN
rasoul;messager;NOUN
9yass;mesure;NOUN
l3arD;mesure de largeur;NOUN
3ber;mesurer;VERB
dir;mettre;VERB
tfa8em;mettre d'accord;NOUN
gad;mettre en place de;NOUN
atat;meuble;NOUN
ferresh;meubler;VERB
9ettal;meurtrier;NOUN
3sel;miel;NOUN
fertouta;miette;NOUN
7sen;mieux;NOUN
ghziwwel;mignon;NOUN
wesT;milieu;NOUN
monaDil;militant;NOUN
alf;mille;NOUN
alf;millier;NOUN
milimetre;millimètre;NOUN
r9i9;mince;NOUN
mnjem;mine;NOUN
9aSir;mineur;NOUN
l2a9al;minimum;NOUN
wazir;ministre;NOUN
wizara;ministère;NOUN
2a9alliyya;minorité;NOUN
Da9i9a;minute;NOUN
ma3dine;minéral;NOUN
mo3jiza;miracle;NOUN
mraya;miroir;NOUN
mou8imma;mission;NOUN
bou2ss;misère;NOUN
atatt;mobilier;NOUN
7aDari;moderne;NOUN
mtwaDe3;modeste;NOUN
tawaDo3;modestie;NOUN
te3dil;modification;NOUN
beddel;modifier;VERB
namoudaj;modèle;NOUN
mo3tadil;modéré;NOUN
ana;moi;NOUN
a9al;moindre;NOUN
9el;moins;NOUN
ghamel;moisi;NOUN
ghmal;moisir;VERB
neS;moitié;NOUN
wa9ita;moment;NOUN
3alam;monde;NOUN
3oumla;monnaie;NOUN
SSerf;monnaie;NOUN
2i7tikar;monopoliser;VERB
siyyed;Monsieur;NOUN
syd;monsieur;NOUN
wa7sh;monstre;NOUN
tamane;montant;NOUN
Tle3;monter;VERB
rkeb l3awd;monter à cheval;NOUN
werri;montre;NOUN
werri;montrer;VERB
ma3lama tari5iya;monument;NOUN
Sjjada;moquette;NOUN
Terf;morceau;NOUN
3eD;mordre;VERB
kay9tel;mortel;NOUN
jame3;mosquée;NOUN
klma;mot;NOUN
mou7arrik;moteur;NOUN
7araka;motion;NOUN
motor;moto;NOUN
rTb;mou;NOUN
debbana;mouche;NOUN
mndil;mouchoir;NOUN
T7en;moudre;VERB
nawras;mouette;NOUN
fezzeg;mouiller;VERB
bouzroug;moule;NOUN
Ta7ouna;moulin;NOUN
mout;mourir;VERB
rghwa;mousse;NOUN
mousTash;moustache;NOUN
shniwla;moustique;NOUN
7awli;mouton;NOUN
metwesseT;moyen;NOUN
wasila;moyen ;NOUN
mou3addal;moyenne;NOUN
bghel;mulet;NOUN
multicolore;multicolore;NOUN
mDa3f;multiple;NOUN
3amala;municipalité;NOUN
8der bshwia;murmure;NOUN
9der bshwia;murmurer;VERB
3aDala;muscle;NOUN
kmama;muselière;NOUN
mouSi9i;musicien;NOUN
mosi9a;musique;NOUN
met7af;musée;NOUN
mou3a9;mutilé;NOUN
3wer;myope;NOUN
sirr;mystère;NOUN
ramed;mystérieux;NOUN
5orafa;mythe;NOUN
mdegh;mâcher;VERB
dakar;mâle;NOUN
2om;mère;NOUN
mitro;mètre;NOUN
mikaniki;mécanique;NOUN
shirir;méchant;NOUN
midaliyya;médaille;NOUN
Tbib;médecin;NOUN
dwa;médicament;NOUN
5tashe3;méditer;VERB
lba7r l2abyad lmoutawaSSiT;Méditerranée;NOUN
7aDar;méfiance;NOUN
7adi rassou;méfiant;NOUN
ta3is;mélancolique;NOUN
t5liTa;mélange;NOUN
5elleT;mélanger;VERB
la7n;mélodie;NOUN
te5mal;ménage;NOUN
7ta9er;mépriser;VERB
2isti79a9;mérite;NOUN
sta7e9;mériter;VERB
taTawwor;métamorphose;NOUN
Tari9a;méthode;NOUN
5edma;métier;NOUN
meTro;métro;NOUN
d5ol SSo9;mêler;VERB
wa5a;même;NOUN
kbir;mûr;NOUN
kber;mûrir;VERB
rTb;mœlleux;NOUN
yak;n'est-ce pas;NOUN
Sdfa;nacre;NOUN
3oum;nage;NOUN
3oum;nager;VERB
9azam;nain;NOUN
zyada;naissance;NOUN
mndil Tbla;nappe;NOUN
mendil diyal TTebla;nappe de table;NOUN
mndil;napperon;NOUN
waTani;national;NOUN
Tabi3i;naturel;NOUN
Tabi3i;naturellement;NOUN
lleft;navet;NOUN
flouka;navire;NOUN
niyya;naïf;NOUN
ma3emmrek;ne ... guère;NOUN
ma3mr;ne ... jamais;NOUN
ma ...sh;ne ... pas;NOUN
ma3emmer ... 3awtani;ne ... plus;NOUN
ma ... ghir;ne ... que;NOUN
Darouri;necessaire;NOUN
tlj;neige;NOUN
ti7 ttelj;neiger;VERB
3aSab;nerf;NOUN
waDe7;net;NOUN
ne99i;nettoyer;VERB
jdid;neuf;NOUN
mou7ayid;neutre;NOUN
neutron;neutron;NOUN
7fiD;neveu;NOUN
la ... la;ni ... ni;NOUN
dar l'kelb;niche;NOUN
nker;nier;VERB
moustawa;niveau;NOUN
shrif;noble;NOUN
zwaj;noce;NOUN
k7el;noir;NOUN
k7al;noircir;VERB
bnde9;noisette;NOUN
guerga3;noix;NOUN
jouz l'8ind;noix de coco;NOUN
3adad;nombre;NOUN
ktir;nombreux;NOUN
Srra;nombril;NOUN
semmi;nommer;VERB
la;non;NOUN
shamal;nord;NOUN
3adi;normal;NOUN
no9Ta/ mola7aDa;note;NOUN
mabda2;notion;NOUN
39ed;nouer;VERB
mourabiyya;nounou;NOUN
wekkel;nourrir;VERB
makla;nourriture;NOUN
7na;nous;NOUN
jdid;nouveau;NOUN
jdida;nouvelle;NOUN
nouwanbir;novembre;NOUN
3Dem;noyau;NOUN
gherre9;noyer;VERB
3eryan;nu;NOUN
s7aba;nuage;NOUN
nawawi;nucléaire;NOUN
moDir;nuisible;NOUN
lila;nuit;NOUN
3iyyan;nul;NOUN
nemra;numéro;NOUN
3en9;nuque;NOUN
nnilo;nylon;NOUN
darouri;nécessaire;NOUN
2i8mal;négligence;NOUN
mt8awen;négligent;NOUN
m8l;négliger;VERB
3e9da;nœud;NOUN
wa7a;oasis;NOUN
8adaf;objectif;NOUN
3tiraD;objection;NOUN
7aja;objet;NOUN
wajib;obligation;NOUN
Darori;obligatoire;NOUN
freD;obliger;VERB
mayl;oblique;NOUN
mDlam;obscur;NOUN
marSad;observatoire;NOUN
7Di;observer;VERB
7ajiz;obstacle;NOUN
TTa3a;obéissance;NOUN
moTi3;obéissant;NOUN
mounasaba;occasion;NOUN
gherb;occident;NOUN
2i7tilal;occupation;NOUN
shghel;occuper;VERB
oktober;octobre;NOUN
mou7iT;océan;NOUN
mo7iT l8adi;océan Pacifique;NOUN
rri7a;odeur;NOUN
fih ri7a;odorant;NOUN
shem;odorat;NOUN
3in;oeil;NOUN
beDa;oeuf;NOUN
jre7;offenser;VERB
rasmi;officiel;NOUN
DabiT;officier;VERB
3arD;offre;NOUN
8di;offrir;VERB
beSla;oignon;NOUN
msali;oisif;NOUN
briTel;oisillon;NOUN
zitouna;olive;NOUN
zitouna;olivier;NOUN
5iyal;ombre;NOUN
DDel;ombre;NOUN
7na;on;NOUN
3em;oncle;NOUN
dfer;ongle;NOUN
7Dash;onze;NOUN
wij8at naDar;opinion;NOUN
m9abel;opposé;NOUN
moul nDaDer;opticien;NOUN
ttafa2oul;optimisme;NOUN
3amaliyya;opération;NOUN
dar 3amaliya;opérer;VERB
3aSifa;orage;NOUN
limouni;orange;NOUN
limoun;orange;NOUN
limouna;orange;NOUN
shjra dyal limoun;oranger;VERB
rawi;orateur;NOUN
orkestra;orchestre;NOUN
3adi;ordinaire;NOUN
2emer;ordonner;VERB
tstaf;ordre;NOUN
agenda;ordre du jour;NOUN
zbel;ordures;NOUN
wden;oreille;NOUN
5eddiya;oreiller;NOUN
nddm;organiser;VERB
8ay2a;organisme;NOUN
sh3ir;orge;NOUN
shr9;orient;NOUN
mSDer;origine;NOUN
yitim;orphelin;NOUN
Sbe3 drrejline;orteil;NOUN
z3em;oser;VERB
z3em t8jem;oser attaquer;NOUN
oula;ou;NOUN
oula;ou bien;NOUN
nSSa;oublier;VERB
gherb;ouest;NOUN
a8;oui;NOUN
3aSifa;ouragan;NOUN
doub;ours;NOUN
adat;outil;NOUN
fet7a;ouverture;NOUN
ktab;ouvrage;NOUN
3amil;ouvrier;NOUN
7el;ouvrir;VERB
fine;où;NOUN
zouj;paire;NOUN
8ani;paisible;NOUN
bi 8odou2;paisiblement;NOUN
salam;paix;NOUN
9Ser;palais;NOUN
falaSTine;Palestine;NOUN
falaSTini;Palestinien;NOUN
geffa;panier;NOUN
fetna;panique;NOUN
5aser;panne;NOUN
mnDr;panorama;NOUN
srwal;pantalon;NOUN
nmr;panthère;NOUN
pabTofa;pantoufle;NOUN
TTaws;paon;NOUN
baba;papa;NOUN
wer9a;papier;NOUN
farasha;papillon;NOUN
t7mira;paprika;NOUN
bwaTa;paquet;NOUN
b;par;NOUN
3an Dahri 9alb;par cœur;NOUN
matalan;par exemple;NOUN
b zz8er;par hasard;NOUN
jenna;paradis;NOUN
7da/nawa7i;parages;NOUN
mtwazi;parallèle;NOUN
mDel;parapluie;NOUN
Dhr;paraître;VERB
jerDa;parc;NOUN
m7itash;parce que;NOUN
men fou9;pardessus;NOUN
sme7;pardon;NOUN
sme7;pardonner;VERB
parebrise;pare-brise;NOUN
b7al;pareil;NOUN
lwalidine;parent;NOUN
9aws;parenthèse;NOUN
yzyn;parer;VERB
mitali;parfait;NOUN
ba3D lmerrat;parfois;NOUN
3Ter;parfum;NOUN
bariz;Paris;NOUN
brlamane;parlement;NOUN
8Der;parler;VERB
8der m3a;parler à;NOUN
men bin;parmi;NOUN
8dra;parole;NOUN
3arrab;parrain;NOUN
derder;parsemer;VERB
Terf;part;NOUN
ferre9;partager;VERB
msha/7izb;parti;NOUN
in7iyaz;parti-pris;NOUN
shark;participer;VERB
5aS;particulier;NOUN
bel 5oSos;particulièrement;NOUN
partie;partie;NOUN
mshi;partir;VERB
9der;parvenir;VERB
mashi;pas;NOUN
5eTwa;pas;NOUN
ga3 ma;pas du tout;NOUN
rakeb/mousafir;passager;VERB
ddayez;passant;NOUN
shi 7ed dayez;passant;NOUN
douz 3end shi 7ed;passer chez;NOUN
dwwez llil;passer la nuit;NOUN
sle5;passer à tabac;NOUN
3ish9;passion;NOUN
moutir;passionnant;NOUN
lmaDi;passé;NOUN
jelle5;patauger;VERB
rjel;patte;NOUN
shefra;paupière;NOUN
pause;pause;NOUN
fa9ir;pauvre;NOUN
jana7;pavillon;NOUN
trottoir ;pavé;NOUN
5elleS;paye;NOUN
5elleS;payer;VERB
blad;pays;NOUN
menDer;paysage;NOUN
bshra;peau;NOUN
meshTa;peigne;NOUN
mcheT;peigner;VERB
sbegh;peindre;VERB
ghbina;peine;NOUN
sebbagh;peintre;NOUN
Sbagha;peinture;NOUN
bala;pelle;NOUN
filem;pellicule;NOUN
l9eshra;pellicule;NOUN
rbi3;pelouse;NOUN
3ewej;pencher;VERB
bidma;pendant;NOUN
khoud;pendre;VERB
kimmerreD;penible;NOUN
fekker;penser;VERB
fekker bi2anna;penser que;NOUN
fikra;pensée;NOUN
t9eb;percer;VERB
5Ser;perdre;VERB
7jl;perdrix;NOUN
jou8ara;perle;NOUN
dayem;permanent;NOUN
mekken/sme7;permettre;VERB
idn;permission;NOUN
perruque;perruque;NOUN
m3dnous;persil;NOUN
waSel;persister;VERB
sh5Siyya;personnage;NOUN
shi wa7ed;personne;NOUN
7tta wa7ed;personne;NOUN
makayshrebsh;personne qui ne boit jamais d'alcool;NOUN
sha5ssi;personnel;NOUN
9ne3;persuader;VERB
7feD;perséverer;NOUN
kafe7;persévérer;VERB
Daya3;perte;NOUN
moula2ama;pertinence;NOUN
berzeT;perturber;VERB
wzen;peser;VERB
tasha2om;pessimisme;NOUN
7z9a;pet;NOUN
sghir;petit;NOUN
fTor;petit déjeuner;NOUN
bshwiyya bshwiyya;petit à petit;NOUN
7fiD;petit-fils;NOUN
bshiyya bshwiyya;peu à peu;NOUN
she3b;peuple;NOUN
shjra dyal l7our;peuplier;NOUN
5ouwwaf;peureux;NOUN
ymkn;peut-être;NOUN
mnara;phare;NOUN
fermasiane;pharmacie;NOUN
moul farmasiene;pharmacien;NOUN
mar7ala;phase;NOUN
felsafa;philosophie;NOUN
fosfor;phosphore;NOUN
tSwira;photo;NOUN
tswar;photographie;NOUN
Swwer;photographier;VERB
joumla;phrase;NOUN
Da8ira;phénomène;NOUN
ghrraf;pichet;NOUN
7jra;pierre;NOUN
roTala;pieuvre;NOUN
7mama;pigeon;NOUN
7ejra;pile;NOUN
sariya;pilier;NOUN
soug;piloter;VERB
kina;pilule;NOUN
flfla 7arra;Piment;NOUN
shita;pinceau;NOUN
9res;pincer;VERB
leggaT;pinces;NOUN
bibi;pintade;NOUN
ra2id;pionnier;NOUN
7ar;piquant;NOUN
9rSa;piquer;VERB
9rssa;piqûre;NOUN
9orSane;pirate;NOUN
pire;pire;NOUN
msba7;piscine;NOUN
Tri9;piste;NOUN
ferdi;pistolet;NOUN
m3erfa;piston;NOUN
flouss bzzaf;pitance;NOUN
shafa9a;pitié;NOUN
bit;pièce;NOUN
fa5;piège;NOUN
zDem;piétiner;VERB
rajil;piéton;NOUN
plakar;placard;NOUN
blaSa;place;NOUN
b7er;plage;NOUN
shki;plaindre;VERB
shekwa;plainte;NOUN
3jeb;plaire;VERB
mout3a;plaisir;NOUN
blane;plan;NOUN
5eshba;planche;NOUN
5sheb;plancher;VERB
Tir;planer;VERB
ghres;plante;NOUN
ghres;planter;VERB
blaka;plaque;NOUN
mika;plastique;NOUN
Taba9;plat;NOUN
brnamj;plate-forme;NOUN
Sinia;plateau;NOUN
bki;pleurer;VERB
teniya;pli;NOUN
Twi;plier;VERB
plombi;plombier;NOUN
tplogea;plonger;VERB
ghTes f;plongé dans;NOUN
shta;pluie;NOUN
risha;plume;NOUN
ghalibiya;plupart;NOUN
za2id;plus;NOUN
b3ed;plus loin;NOUN
bzaf;plusieurs;NOUN
bzzaf dial lmerrat;plusieurs fois;NOUN
jib;poche;NOUN
wazn;poids;NOUN
mi3ssam;poignet;NOUN
7efna;poignée;NOUN
sh3r;poil;NOUN
mzegheb;poilu;NOUN
bouniya;poing;NOUN
no9Ta;point;NOUN
shoufa;point de vue;NOUN
wij8at nnaDar;point de vue;NOUN
rass/9roun;pointe;NOUN
maDi;pointu;NOUN
ngaSa;poire;NOUN
borro;poireau;NOUN
jelbana;pois;NOUN
sm;poison;NOUN
7outa;poisson;NOUN
Sdr;poitrine;NOUN
libzar;poivre;NOUN
felfla;poivron;NOUN
bouliss;police;NOUN
boulisi;policier;NOUN
7ek;polir;VERB
7tiram;politesse;NOUN
siyasi;politique;NOUN
talawot jawwi;pollution atmosphérique;NOUN
bTaTa;pomme de terre;NOUN
shjra dtfa7;pommier;NOUN
iltizam blmawa3id;ponctualité;NOUN
koun felwe9t;ponctuel;NOUN
9enTra;pont;NOUN
jissr jawi;pont aérien;NOUN
mesh8our;populaire;NOUN
ssakina;population;NOUN
7ellouf;porc;NOUN
merSa;port;NOUN
bab;porte;NOUN
bzTam;porte-monnaie;NOUN
8ez;porter;VERB
lbes;porter;VERB
d3i;porter plainte;NOUN
7emmal;porteur;NOUN
jouz2;portion;NOUN
bortoghal;Portugal;NOUN
7eT;poser;VERB
Tre7 sou2al;poser une question;NOUN
ijabi;positif;NOUN
mertaba;position;NOUN
7araka;position;NOUN
melk;possession;NOUN
moumkin;possible;NOUN
kseb;posséder;VERB
boSTa;poste;NOUN
ma7be9;pot;NOUN
Sali7;potable;NOUN
ppoTo;poteau;NOUN
guer3a 7emra;potiron;NOUN
9emla;pou;NOUN
ghebra;poudre;NOUN
baroud;poudre à canon;NOUN
djaja;poule;NOUN
djaja;poulet;NOUN
riyya;poumon;NOUN
mounika;poupée;NOUN
bash;pour;NOUN
sh7al dial lwe9t;pour combien de temps;NOUN
98iwa;pourboire;NOUN
tbe3;pourchasser;VERB
3lash;pourquoi;NOUN
5maj;pourrir;VERB
tb3;poursuivre;VERB
wa5a;pourtant;NOUN
dfe3 l;pousser à;NOUN
fllous;poussin;NOUN
ghobra;poussière;NOUN
9der;pouvoir;VERB
9odra;pouvoir;VERB
9asida shi3riya;poème;NOUN
sha3ir;poète;NOUN
shi3r;poésie;NOUN
kaymarss;pratiquer;VERB
lewel;premier;NOUN
5oud;prendre;VERB
sali;prendre fin;NOUN
bda;prendre l'initiative;NOUN
mousharaka;prendre part;NOUN
wSfa dTbib;prescription;NOUN
kteb;prescrire;VERB
shib8 jazira ;presqu'île;NOUN
t9riban;presque;NOUN
Sa7afa;presse;NOUN
3SSer;presser;VERB
tmesha b zzerba;presser le pas;NOUN
dght;pression;NOUN
8iba;prestige;NOUN
Selli;prier;VERB
btida2i;primaire;NOUN
moukafa2a;prime;NOUN
amir;prince;NOUN
amira;princesse;NOUN
asasi;principal;NOUN
asasi;principal;NOUN
5aSSatane;principalement;NOUN
mabda2;principe;NOUN
rrbi3;printemps;NOUN
briz;prise;NOUN
ppriz;prise de courant mâle;NOUN
priz diyal ttilifoun;prise téléphonique;NOUN
7ebs;prison;NOUN
7bayesi;prisonnier;NOUN
7irman;privation;NOUN
mtiyaz;privilège;NOUN
mo3azzaz;privilégié;NOUN
5aS;privé;NOUN
tamane;prix;NOUN
Sla;prière;NOUN
yemken;probablement;NOUN
moushkil;problème;NOUN
mawkab;procession;NOUN
3amalya;processus;NOUN
lli jay;prochain;NOUN
lli men be3d;prochaine;NOUN
9rib;proche;NOUN
9rab;proches;NOUN
mtalk;procurer;VERB
wakil;procureur;NOUN
broSi;procès;NOUN
broSi;procès-verbal;NOUN
Terre9;procéder;VERB
mashi 3adi;prodigieux;NOUN
intaj;production;NOUN
ntej;produire;VERB
mantouj;produit;NOUN
mntouj fila7i;produit agricole;NOUN
5edma;profession;NOUN
rrbe7;profit;NOUN
staghel;profiter;VERB
ghare9;profond;NOUN
3om9;profondeur;NOUN
t9eddem;progresser;VERB
ta7assoun;progrès;NOUN
ta9addoum;progrès;NOUN
mshro3;projet;NOUN
msariya;promenade;NOUN
we3d;promesse;NOUN
w3ed;promettre;VERB
trwij;promotion;NOUN
nTe9;prononcer;VERB
noT9;prononciation;NOUN
nsher;propager;VERB
rassoul;prophète;NOUN
mounasib;propice;NOUN
7ajm;proportion;NOUN
9tira7;proposition;NOUN
n9i;propre;NOUN
moul;propriétaire;NOUN
melk;propriété;NOUN
zda8er;prospérer;VERB
da3ara;prostitution;NOUN
bnt zn9a;prostituée;NOUN
7ami;protecteur;NOUN
7miaya;protection;NOUN
mou7taj;protestant;NOUN
7tej;protester;VERB
proton;proton;NOUN
7mi;protéger;VERB
br8en;prouver;VERB
natija;provenir;VERB
matal;proverbe;NOUN
tmwin;provision;NOUN
mou2a99at;provisoire;NOUN
jbed;provoquer;VERB
7aDar;prudence;NOUN
7aDi ras;prudent;NOUN
ber9o9;prune;NOUN
9rib;près;NOUN
9rib men;près de;NOUN
7tiyaT;précaution;NOUN
mou8im;précieux;NOUN
mDboT;précis;NOUN
bDDabT;précisément;NOUN
9bel;précédemment;NOUN
Sb9;précéder;VERB
feDel;préférer;VERB
9bel lwe9t;prématuré;NOUN
smiya;prénom;NOUN
msouwwesh;préoccuper;VERB
twjad;préparatif;NOUN
twjad;préparation;NOUN
wejjed;préparer;VERB
7oDor;présence;NOUN
l7adir;présent;NOUN
3arD;présentation;NOUN
9ddm;présenter;VERB
lwa9i;préservatif;NOUN
7mi;préserver;VERB
tre2es;présider;VERB
sebba;prétexte;NOUN
dir ssebba;prétexter;VERB
7edder;prévenir;VERB
bayn;prévisible;NOUN
wajd;prêt;NOUN
sellef;prêter;VERB
8tem;prêter attention à;NOUN
Tbib nefsani;psychiatre;NOUN
3alim nafsi;psychologue;NOUN
jm8or;public;NOUN
ish8ar;publicité;NOUN
nsher;publier;VERB
9emla;puce;NOUN
mn b3d;puis;NOUN
bima 2anna;puisque;NOUN
9wi;puissant;NOUN
bir;puits;NOUN
loub;pulpe;NOUN
debbouss;punaise;NOUN
3a9eb;punir;VERB
3o9oba;punition;NOUN
Sffa;purifier;VERB
9e7ba;putain;NOUN
loghz;puzzle;NOUN
8aram;pyramide;NOUN
sfar;pâlir;VERB
7elwa;pâtisserie;NOUN
baba/ab;père;NOUN
l2ab w l2om;père et mère;NOUN
Siyyed;pécher;VERB
ksiratour;pédale d'accélération;NOUN
ki9eSSe7;pénible;NOUN
zeb;pénis;NOUN
d5ol;pénétrer;VERB
zri3a;pépin;NOUN
5aTir;périlleux;NOUN
fatra;période;NOUN
btla;pétale;NOUN
7ze9;péter;VERB
3jen;pétrir;VERB
SiyaDa;pêche;NOUN
Siyyed;pêcher;VERB
SiyyaD;pêcheur;NOUN
raSif;quai;NOUN
jawda;qualité;NOUN
mnine;quand;NOUN
amma bnesba liyya;quant à moi;NOUN
kimiyya;quantité;NOUN
rb3In;quarante;NOUN
rbe3;quart;NOUN
7ouma;quartier;NOUN
rbe3Tash;quatorze;NOUN
rabi3 3ashar;quatorzième;NOUN
reb3a;quatre;NOUN
tss3ine;quatre-vingt-dix;NOUN
tmanin;quatre-vingts;NOUN
rabe3;quatrième;NOUN
rah;que;NOUN
ashmen;quel;NOUN
ina;quelle;NOUN
ina sa3a;quelle heure;NOUN
sh7al fssa3a;quelle heure est-il?;NOUN
shnou houma;quelles;NOUN
shi wa7ed;quelqu'un;NOUN
kif ma;quelque;NOUN
shi;quelque;NOUN
shi 7aja;quelque chose;NOUN
f shi blaSa;quelque part;NOUN
shi merrat;quelquefois;NOUN
shi we7dine;quelques uns;NOUN
ina;quels;NOUN
mdabza;querelle;NOUN
sou2al;question;NOUN
shwwal;queue;NOUN
shkoun;qui;NOUN
lli;qui;NOUN
li b9a;qui reste;NOUN
5mesTash;quinze;NOUN
5rej;quitter;VERB
shnou;quoi;NOUN
yawmi;quotidien;NOUN
yawmiyyan;quotidiennement;NOUN
n9s taman ;rabais;NOUN
7ki;raconter;VERB
9at3i;radical;NOUN
radio;radio;NOUN
fjel;radis;NOUN
berred;rafraîchir;VERB
SS3er;rage;NOUN
9eSSe7;raidir;VERB
raya;raie;NOUN
sekka;rail;NOUN
sabab;raison;NOUN
zid;rajouter;VERB
bshwiyya;ralentir;VERB
remDane;ramadan;NOUN
jme3;ramasser;VERB
wagon;rame;NOUN
jeddef;ramer;VERB
jme3;rammasser;NOUN
7doura;rampe;NOUN
7i9d;rancune;NOUN
ri7la;randonnée;NOUN
mertaba;rang;NOUN
jme3;ranger;VERB
m5ebbiya;rangée;NOUN
Sef;rangée;NOUN
5fif;rapide;NOUN
bzrba;rapidement;NOUN
Sour3a;rapidité;NOUN
fekker;rappeler;VERB
3awwed 3ayyeT;rappeler;VERB
7ek;rapper;VERB
y7ki;rapporter;VERB
ta9arrob;rapprochement;NOUN
9erreb;rapprocher;VERB
7ssen;raser;VERB
mous diyal l7sana;rasoir;NOUN
shb3an;rassasié;NOUN
jme3;rassembler;VERB
Tem2an;rassurer;VERB
Tobba;rat;NOUN
manTi9i;rationnel;NOUN
9beT;rattraper;VERB
mb7ou7;rauque;NOUN
5arab;ravage;NOUN
5erreb;ravager;VERB
8wda;ravin;NOUN
sheffar;ravisseur;NOUN
temwin;ravitaillement;NOUN
shou3a3;rayon;NOUN
lme3;rayonner;VERB
5ebsha;rayure;NOUN
ne99ez;rebondir;VERB
mousta9bil;receptionniste;NOUN
weSfa;recette;NOUN
jiw 3endou DDyaf;recevoir des visiteurs;NOUN
ba7t;recherche;NOUN
9elleb;rechercher;VERB
younSa7 bih;recommandable;NOUN
twSya;recommandation;NOUN
weSSi;recommander;VERB
bda;recommencer;VERB
3taref;reconnaître;VERB
ra9ma 9iyasi;record;NOUN
lje2 ila;recourir à;NOUN
ltaje2;recours;NOUN
gheTTi;recouvrer;VERB
gheTTi;recouvrir;VERB
5eddem;recruter;VERB
moustaTil;rectangle;NOUN
Se77e7;rectifier;VERB
jme3;recueillir;VERB
zad;redoubler;VERB
5af;redouter;VERB
gad;redresser;VERB
3awwed;refaire;VERB
berred;refroidir;VERB
rfeD;refuser;VERB
sterje3;regagner;VERB
shoufa;regard;NOUN
shouf;regarder;VERB
shouf wnta 7al femmek ;regarder bouche bée;NOUN
nadam;regret;NOUN
ndem;regretter;VERB
kelwa;rein;NOUN
malika;reine;NOUN
klawi;reins;NOUN
rfed;rejeter;VERB
3ala9a;relation;NOUN
t9riban;relativement;NOUN
la9i;relier;VERB
moutadayyin;religieux;NOUN
dine;religion;NOUN
waSel;rellier;NOUN
Tle9;relâcher;VERB
ta3dil wizari;remaniement;NOUN
ml7ouda;remarque;NOUN
3mr;rembourrer;VERB
rjje3 flous;rembourser;VERB
shokr;remerciement;NOUN
ta5fiD;remise;NOUN
yrf3;remonter;VERB
rmouk;remorque;NOUN
tbdal;remplacement;NOUN
3ewweD;remplacer;VERB
3emmer;remplir;VERB
rbe7;remporter;VERB
7errek;remuer;VERB
dwa;remède;NOUN
tte3leb;renard;NOUN
mla9iya;rencontre;NOUN
Tla9a;rencontrer;VERB
maw3id;rendez-vous;NOUN
rejje3;rendre;VERB
tellef;rendre confus;NOUN
ziyyen;rendre plus beau;NOUN
sed;renfermer;VERB
sho8ra;renommée;NOUN
dir bna9ess;renoncer;VERB
jedded;renouveler;VERB
ma3louma;renseignement;NOUN
3lem;renseigner;VERB
kayrb7;rentable;NOUN
ddou5oul;rentrée;NOUN
9leb;renverser;VERB
rejje3;renvoyer;VERB
3awwed douz;repasser;VERB
7edded;repasser;VERB
2ejjel;reporter;VERB
ra7a;repos;NOUN
df3;repousser;VERB
3awda;reprise;NOUN
moumtil;représentant;NOUN
moumtil;représentatif;NOUN
tamtil;représentation;NOUN
mettel;représenter;VERB
9irsh;requin;NOUN
7tarem;respect;NOUN
7tarem;respecter;VERB
tanaffous;respiration;NOUN
ms2oul;responsable;NOUN
shbe8;ressembler;VERB
7es;ressentir;VERB
mawarid;ressource;NOUN
ba9i;restant;NOUN
restaura;restaurant;NOUN
Sle7;restaurer;VERB
5elli;reste;NOUN
b9a;rester;VERB
b9a llor;rester en arrière;NOUN
3eTTel;retarder;VERB
7ayyed;retirer;VERB
3awed Ti7;retomber;VERB
rjou3;retour;NOUN
rje3;retourner;VERB
ta9a3od;retraite;NOUN
mouta9a3id;retraité;NOUN
inti9am;revanche;NOUN
Talab;revendication;NOUN
rje3;revenir;VERB
rje3 l;revenir à;NOUN
med5oul;revenu;NOUN
3awd shouf;revoir;VERB
ferdi;revolver;NOUN
doun;revêtir;VERB
roumatizm;rhumatisme;NOUN
rwwa7;rhume;NOUN
d7ek;ricaner;VERB
mreffe7;riche;NOUN
trwa;richesse;NOUN
taj3ida;ride;NOUN
fdrish;rideau;NOUN
walou;rien;NOUN
da9i9;rigoureux;NOUN
9afya;rime;NOUN
ghsel;rincer;VERB
d7ek;rire;VERB
5aTar;risque;NOUN
5aTr;risquer;VERB
tnafes;rivaliser;VERB
wad;rivière;NOUN
roz;riz;NOUN
keswa;robe;NOUN
robini;robinet;NOUN
S7i7;robuste;NOUN
7jra;rocher;VERB
malik;roi;NOUN
riwaya;roman;NOUN
roumansi;romantique;NOUN
roma;Rome;NOUN
9Te3;rompre;VERB
fare9;rompre;VERB
mDwwer;rond;NOUN
rropoin;rond-point;NOUN
mDowr;ronde;NOUN
sh5r;ronfler;VERB
njer;ronger;VERB
3andalib;rossignol;NOUN
3ajala;roue;NOUN
7mer;rouge;NOUN
t7emmer;rougir;VERB
SDa;rouille;NOUN
tshekka;rouspéter;VERB
Tri9;route;NOUN
malaki;royal;NOUN
memlaka;royaume;NOUN
shariT;ruban;NOUN
5aliyya;ruche;NOUN
3anif;rude;NOUN
zen9a;rue;NOUN
5erreb;ruiner;VERB
s99aya;ruisseau;NOUN
infiSal;rupture;NOUN
mTewwer;rusé;NOUN
i9a3i;rythmé;NOUN
nger;râler;VERB
7ek;râper;VERB
rraTo;râteau;NOUN
miSTara;règle;NOUN
9anoun;règlement;NOUN
moulk;règne;NOUN
moufa3il;réacteur;NOUN
derddat lfi3l;réaction;NOUN
7e99e10;réaliser;VERB
7e99e9;réaliser;VERB
wa9i3;réalité;NOUN
mo2a5aran;récemment;NOUN
sti9bal;réception;NOUN
mrjan;récif;NOUN
moutabadal;réciproque;NOUN
9SSa;récit;NOUN
3reD;réciter;VERB
Talb;réclamer;VERB
7SaD;récolte;NOUN
kayjni;récolter;VERB
ja2iza;récompense;NOUN
8enne2;récompenser;VERB
tSale7;réconcilier;VERB
wasi;réconforter;VERB
stira7a;récréation;NOUN
sterje3;récupérer;VERB
frek;récurer;VERB
kteb;rédiger;VERB
t5fiD;réduction;NOUN
nna9S;réduction;NOUN
n9eS;réduire;VERB
f l7a9i9a;réellement;NOUN
bit lmakla;réfectoire;NOUN
fkr;réfléchir;VERB
iSla7;réformer;VERB
frigo;réfrigérateur;NOUN
7miya;régime;NOUN
ji8a/minta9a;région;NOUN
réglage;réglage;NOUN
gad;régler;VERB
mneDDem;régulier;NOUN
ferre7;réjouir;VERB
Sle7;rénover;VERB
nsher;répandre;VERB
Sle7;réparer;VERB
n3ikass;répercussion;NOUN
jawb;répondre;VERB
l7el diyal moushkil;réponse d'un problème;NOUN
jom8oriyya;république;NOUN
soum3a;réputation;NOUN
3awwed;répéter;VERB
shabaka;réseau;NOUN
m7jouz l;réserver pour;NOUN
saken;résident;NOUN
ji8ad;résistance;NOUN
9awem;résister;VERB
Sda;résonner;VERB
7el;résoudre;VERB
natija;résultat;NOUN
ntej;résulter;VERB
le55eS;résumer;VERB
jme3;réunir;VERB
nj7;réussir;VERB
lfya9;réveil;NOUN
fiya9 bekri;réveil-matin;NOUN
fiyye9;réveiller;VERB
raje3;réviser;VERB
tawra;révolution;NOUN
fD7;révéler;VERB
7elma;rêve;NOUN
7lem;rêver;VERB
7lem faye9;rêver éveillé;NOUN
dar;rôder;VERB
Dawr;rôle;NOUN
m7emmer;rôti;NOUN
shwi;rôtir;VERB
7ni;s'abaisser;NOUN
nzel 3la;s'abattre;NOUN
shark;s'abonner;NOUN
t5ebba;s'abriter;NOUN
ghiyyeb;s'absenter;NOUN
t5essr;s'abîmer;NOUN
wllef;s'acclimater;NOUN
wllef;s'accoutumer;NOUN
kber;s'accoître;NOUN
tla2em;s'adapter;NOUN
8der m3a;s'adresser à;NOUN
tkoun tabe3 li;s'affilier;NOUN
rk3;s'agenouiller;NOUN
tgad;s'ajuster;NOUN
sh3el;s'allumer;NOUN
nsheT;s'amuser;NOUN
red lbal;s'apercevoir;NOUN
t3ayT;s'appeler;NOUN
t9erreb;s'approcher;NOUN
w9ef;s'arrêter;NOUN
yt9ddm;s'avancer;NOUN
msha;s'en aller;NOUN
8reb;s'enfuir;NOUN
38ed;s'engager;NOUN
skr;s'enivrer;NOUN
9neT;s'ennuyer;NOUN
trewwe7;s'enrhumer;NOUN
3taDer;s'excuser;NOUN
twafe9;s'harmoniser;NOUN
3afak;s'il vous plaît;NOUN
tte7na;s'incliner;NOUN
t3lm;s'informer;NOUN
8tem;s'intéresser;NOUN
gebbel;s'occuper;NOUN
tkellef;s'occuper;NOUN
tkellef b;s'occuper de;NOUN
8rb;s'échapper;NOUN
ndaf3;s'élancer;NOUN
ntasher;s'étendre;NOUN
s5ef;s'évanouir;NOUN
3afak;s.v.p.;NOUN
dialou/dial8a;sa;NOUN
rremla;sable;NOUN
5ensha;sac;NOUN
mo9addas;sacré;NOUN
7kim;sage;NOUN
brzana;sagement;NOUN
SSe7ra;Sahara;NOUN
kaynzf;saignant;NOUN
Si77i;sain;NOUN
shrif;saint;NOUN
9beT;saisir;VERB
faSl;saison;NOUN
shlaDa;salade;NOUN
mousse5;sale;NOUN
melle7;saler;VERB
bza9;salive;NOUN
9a3a;salle;NOUN
7emmam;salle de bain;NOUN
bit lmakla/ salle a monji;salle à manger;NOUN
salone;salon;NOUN
ssalam;salut;NOUN
ssalam;salutation;NOUN
ssebt;samedi;NOUN
sendala;sandale;NOUN
demm;sang;NOUN
5nzir;sanglier;NOUN
bla;sans;NOUN
bla shek;sans doute;NOUN
nishane;sans détour;NOUN
Se77a;santé;NOUN
sapin;sapin;NOUN
serdina;sardine;NOUN
shitan;Satan;NOUN
9amar Stina3i;satellite;NOUN
rDa;satisfaction;NOUN
rDi;satisfaire;VERB
mzyan;satisfaisant;NOUN
3ajbo/3ajb8a l7al;satisfait;NOUN
3amer;saturer;VERB
sauce;sauce;NOUN
SSoSiT;saucisse;NOUN
mn rir;sauf;NOUN
ten9iza;saut;NOUN
ne99ez;sauter;VERB
bou9ffaz;sauterelle;NOUN
mtwe77esh;sauvage;NOUN
n9d;sauver;VERB
3alim;savant;NOUN
nek8a;saveur;NOUN
3ref;savoir;VERB
sabon;savon;NOUN
tbennen;savourer;VERB
fDi7a;scandale;NOUN
Tab3;sceau;NOUN
shak;sceptique;NOUN
blane;schéma;NOUN
menshar;scie;NOUN
3ilm;science;NOUN
njer;scier;VERB
lme3;scintiller;VERB
39reb;scorpion;NOUN
mash8ad/5ashaba;scène;NOUN
ddabez;se bagarrer;NOUN
3oum;se baigner;NOUN
Dabz;se battre;NOUN
yt3aml;se comporter;NOUN
t3amel;se conduire;NOUN
ddabez;se disputer;NOUN
shek;se douter de;NOUN
kifa7;se débattre;NOUN
tne99el;se déplacer;NOUN
zreb;se dépêcher;NOUN
t3erra;se déshabiller;NOUN
dbel;se faner;NOUN
3iya;se fatiguer;NOUN
ti9;se fier;NOUN
tshekka;se lamenter;NOUN
nouD;se lever;NOUN
tjewwej;se marier;NOUN
ttafe9;se mettre d'accord;NOUN
y3ard;se mettre en travers;NOUN
ji gouddam;se mettre en travers;NOUN
t5ebba;se mettre à l'abri;NOUN
t5eTa men;se mettre à l'abri de;NOUN
D7ek ;se moquer;NOUN
7di rasso;se méfier;NOUN
8der m3a;se parler;NOUN
tlef;se perdre;NOUN
dir;se porter;NOUN
zreb;se presser;NOUN
tsara;se promener;NOUN
tzreb;se précipiter;NOUN
tfekker;se rappeler;NOUN
wSa;se recommander;NOUN
tr5a;se relâcher;NOUN
nsa7eb;se retirer;NOUN
t5ebba;se réfugier;NOUN
fre7;se réjouir;NOUN
fi9;se réveiller;NOUN
yst3ml ;se servir de;NOUN
teshTen 3la;se soucier de;NOUN
t8ezz;se soulever;NOUN
tfkr;se souvenir;NOUN
nta7er;se suicider;NOUN
7Di;se surveiller;NOUN
skt;se taire;NOUN
tkemmel;se terminer;NOUN
nashf;sec;NOUN
tanawi;secondaire;NOUN
taniyya;seconde;NOUN
nfeD;secouer;VERB
m5eD;secouer;VERB
3te9;secourir;VERB
3ti9;secours;NOUN
sir;secret;NOUN
secrétaire;secrétaire;NOUN
Ta2ifa;secte;NOUN
siktour/9iTa3;secteur;NOUN
9TTe3;sectionner;VERB
jalala;seigneurie;NOUN
seTash;seize;NOUN
mel7a;sel;NOUN
simana;semaine;NOUN
b7al b7al;semblable;NOUN
b7al;semblable;NOUN
s7ab l...;sembler;VERB
soumila;semelle;NOUN
zrri3a;semence;NOUN
zre3;semer;VERB
ssmida;semoule;NOUN
3aTifi;sensible;NOUN
m39oul;sensé;NOUN
2i7sas;sentiment;NOUN
7ess;sentir;VERB
seb3a;sept;NOUN
shoutanbir;septembre;NOUN
rzine;serein;NOUN
ziyyer;serrer;VERB
ziyyer kter;serrer plus fort;NOUN
9fel;serrure;NOUN
serbaya;servante;NOUN
serbay;serveur;NOUN
serbaya;serveuse;NOUN
5dma;service;NOUN
mendil;serviette;NOUN
mendil;serviette de table;NOUN
5dem ;servir;VERB
jelssa;session;NOUN
3etba;seuil;NOUN
wa7id;seul;NOUN
Safi;seulement;NOUN
jinsi;sexuel;NOUN
ila;si;NOUN
tSfira;sifflement;NOUN
sffara;sifflet;NOUN
ishara;signal;NOUN
yshir;signaler;VERB
imda2;signature;NOUN
ramz;signe;NOUN
ma3na;signification;NOUN
3ni;signifier;VERB
skat;silence;NOUN
skkouti;silencieux;NOUN
5iyal;silhouette;NOUN
baSiT;simple;NOUN
bi baSaTa;simplement;NOUN
Sari7;sincère;NOUN
Sara7a;sincérité;NOUN
9erd;singe;NOUN
wa7id;singulier;NOUN
siro;sirop;NOUN
7ala;situation;NOUN
kayen;situer;VERB
setta;six;NOUN
9arn;siècle;NOUN
koursi;siège;NOUN
slafi ;slavon;NOUN
3abis;sobre;NOUN
shtirakia;socialisme;NOUN
sharika;société;NOUN
moujtama3;société;NOUN
7rir;soie;NOUN
3Tesh;soif;NOUN
dawa;soigner;VERB
ki7awel;soigneux;NOUN
3inaya;soin;NOUN
masa2;soir;NOUN
oumssia;soirée;NOUN
ya 2imma;soit;NOUN
ya 2imma ... ya 2imma;soit ... soit;NOUN
sttine;soixante;NOUN
sb3ine;soixante-dix;NOUN
sadiss 3ashar;soixantième;NOUN
2erd;sol;NOUN
3Skri;soldat;NOUN
ta5fid;solde;NOUN
shemsh;soleil;NOUN
taDamoun;solidarité;NOUN
Somali;Somalien;NOUN
Somali;somalien;NOUN
meDlam;sombre;NOUN
jam3;somme;NOUN
n3as;sommeil;NOUN
jme3;sommer;VERB
Swt;son;NOUN
tSwit;sondage;NOUN
fekker;songer;VERB
serser;sonner;VERB
Soni;sonner à la porte;NOUN
diyal SSawt;sonore;NOUN
se77ar;sorcier;NOUN
se77ara;sorcière;NOUN
maSir;sort;NOUN
5rouj;sortie;NOUN
s7our;sortilège;NOUN
5rej;sortir;VERB
mSeTTi;sot;NOUN
8em;souci;NOUN
3la ghefla;soudain;NOUN
3la ghefla;soudainement;NOUN
soudani;soudanais;NOUN
soudani;Soudanais;NOUN
soudi;souder;VERB
jje8d;souffle;NOUN
nfe5;souffler;VERB
nfe5 3la;souffler sur;NOUN
t3eddeb;souffrir;VERB
kibrit;soufre;NOUN
2oumniya;souhait;NOUN
tmenna;souhaiter;VERB
wsse5;souiller;VERB
faji;soulager;VERB
rf3;soulever;VERB
SeTTer;souligner;VERB
sobba;soupe;NOUN
r8iyyef;souple;NOUN
shek;soupçonner;VERB
mSDer;source;NOUN
7ajeb;sourcil;NOUN
Smek;sourd-muet;NOUN
btasem;sourire;VERB
far;souris;NOUN
te7t;sous;NOUN
ghawaSSa;sous-marin;NOUN
n9eS;soustraire;VERB
te7t lerd;souterrain;NOUN
te7t lerD;souterrain;NOUN
da3m;soutien;NOUN
soutiyanat;soutien-gorge;NOUN
dikra;souvenir;VERB
ghaliban;souvent;NOUN
maSra7;spectacle;NOUN
brnamj rfi8i;spectacle de variété;NOUN
moutafarij;spectateur;NOUN
mani;sperme;NOUN
kora;sphère;NOUN
spirale;spirale;NOUN
ro7i;spirituel;NOUN
raw3a;splendeur;NOUN
ra2i3;splendide;NOUN
riyaDa;sport;NOUN
5aS;spécial;NOUN
5aSSatan;spécialement;NOUN
raSi;stable;NOUN
mourkkab;stade;NOUN
w7el;stagner;VERB
balSi;stationner;VERB
rido;store;NOUN
5oTTa;stratégie;NOUN
S3ib;strict;NOUN
8aykal;structure;NOUN
mkele5/ghabiy;stupide;NOUN
mou5dir ;stupéfiant;NOUN
d8esh;stupéfier;VERB
style;style;NOUN
fej2a;subitement;NOUN
mousa3ada;subvention;NOUN
5alaf;successeur;NOUN
naja7;succès;NOUN
meS;sucer;VERB
meSSaSa;sucette;NOUN
sekkar;sucre;NOUN
7lou;sucré;NOUN
janoub;sud;NOUN
3re9;suer;VERB
3re9;sueur;NOUN
kafi;suffire;VERB
kafi;suffisamment;NOUN
kafi;suffisant;NOUN
tjiyyef;suffoquer;VERB
9tare7;suggérer;VERB
swisra;suisse;NOUN
kmala;suite;NOUN
tali;suivant;NOUN
tbe3;suivre;VERB
dir rrijime;suivre un régime;NOUN
mawDo3;sujet;NOUN
std3a;summon;NOUN
wa3ra;superbe;NOUN
5rafa;superstition;NOUN
iDafa;supplément;NOUN
iDafi;supplémentaire;NOUN
ste7mel;supporter;VERB
ftareD;supposer;VERB
mouftarad 2anna;supposé que;NOUN
mse7;supprimer;VERB
a3la;suprême;NOUN
l3ali;supérieur;NOUN
fo9;sur;NOUN
mou8oub;surdoué;NOUN
5rej;surgir;VERB
tghelleb;surmonter;VERB
faje2;surprendre;VERB
moufaja2a;surprise;NOUN
ne99ez;sursauter;VERB
5aSSatane;surtout;NOUN
7Di;surveiller;VERB
najat;survie;NOUN
tbe3;survivre;VERB
shek;suspecter;VERB
suspense;suspense;NOUN
ramz;symbole;NOUN
driyef;sympa;NOUN
Drafat;sympathie;NOUN
Driyyef;sympathique;NOUN
5olaSa;synthèse;NOUN
7iSSa;séance;NOUN
neshef;sécher;VERB
amn;sécurité;NOUN
zelzal;séisme;NOUN
sejour;séjour;NOUN
sénégal;Sénégal;NOUN
nfassl;séparer;VERB
m39ol;sérieux;NOUN
9aS7;sévère;NOUN
mou2akkad;sûr;NOUN
mou2akkad;sûrement;NOUN
2o5t;sœur;NOUN
diyalek;ta;NOUN
tibgh;tabac;NOUN
law7a;tableau;NOUN
Sebbora;tableau;NOUN
blouza;tablier;NOUN
Tabouri;tabouret;NOUN
Teb3a;tache;NOUN
taktik;tactique;NOUN
njer;tailler;VERB
skout;taire;VERB
Taloun;talon;NOUN
Tbel;tambour;NOUN
5fifa;tamiser;VERB
zerbiyya;tapis;NOUN
yghti;tapisser;VERB
mze7;taquiner;VERB
m3eTTel;tard;NOUN
9eSSer;tarder;VERB
taman;tarif;NOUN
TarTa;tarte;NOUN
dekken;tasser;VERB
ttor;taureau;NOUN
Dariba;taxe;NOUN
Taxi;taxi;NOUN
tti9niya;technique;NOUN
sbegh;teindre;VERB
me3bed;temple;NOUN
jaw;temps;NOUN
we9t;temps;NOUN
darajat l7arara;température;NOUN
3aSifa;tempête;NOUN
raSo 9ase7;tenace;NOUN
welf;tendance;NOUN
watar ;tendon;NOUN
7nin;tendre;VERB
dir fe5;tendre un piège;NOUN
7anane;tendresse;NOUN
9beT;tenir;VERB
shidda;tension;NOUN
5ayma;tente;NOUN
7awel;tenter;VERB
lebsa;tenue;NOUN
kemmel;terminer;VERB
ni8ayat assayr;terminus;NOUN
2arD;terrain;NOUN
2rD;terre;NOUN
2ardi;terrestre;NOUN
5ayeb;terrible;NOUN
mnta9a;territoire;NOUN
ir8ab;terrorisme;NOUN
wSiyya;testament;NOUN
jerreb;tester;VERB
9lwa;testicule;NOUN
TTone;thon;NOUN
ze3ter;thym;NOUN
mwdou3;thème;NOUN
atay;thé;NOUN
berrad;théière;NOUN
mSre7;théâtre;NOUN
talet;tiers;NOUN
nmer;tigre;NOUN
tenber;timbre;NOUN
7shoumi;timide;NOUN
sebbegh;tinter;VERB
tiri;tirer;VERB
Dreb;tirer un trait;NOUN
mjer;tiroir;NOUN
nsej;tisser;VERB
toub;tissu;NOUN
3ounwan;titre;NOUN
dafi;tiède;NOUN
zellay9a;toboggan;NOUN
shebka;toile;NOUN
kabina;toilette;NOUN
S9ef;toit;NOUN
sma7a;tolérance;NOUN
t7mmel;tolérer;VERB
maTisha;tomate;NOUN
Ti7;tombe;NOUN
Ti7;tomber;VERB
Ti7 f;tomber amoureux de;NOUN
diyalek;ton;NOUN
gez;tondre;VERB
bermil;tonneau;NOUN
rre3d;tonnerre;NOUN
ppile;torche;NOUN
shifoun;torchon;NOUN
sder;torse;NOUN
ghalT;tort;NOUN
fekroun;tortue;NOUN
t3dib;torture;NOUN
mjmou3;total;NOUN
kamel;totalement;NOUN
9is;toucher;VERB
dima kter;toujours plus;NOUN
dora;tour;NOUN
ssiya7a;tourisme;NOUN
tSwar;tournage;NOUN
dwr;tourner;VERB
tornoviss;tournevis;NOUN
koulchi/kamel;tous;NOUN
koulla n8ar;tous les jours;NOUN
9rib men;tous près de;NOUN
k7ob;tousser;VERB
koulshi;tout;NOUN
awwalan;tout d'abord;NOUN
daba;tout de suite;NOUN
ga3 ;tout le;NOUN
koulshi;tout le monde;NOUN
faj2a;tout à coup;NOUN
men be3d;tout à l'heure;NOUN
ga3 anwa3;toute espèce de;NOUN
jami3 anwa3;toute sorte de;NOUN
ga3;toutes;NOUN
ga3 lmerrat;toutes les fois;NOUN
atar;trace;NOUN
traktour;tracteur;NOUN
t9lid;tradition;NOUN
Trjem;traduire;VERB
5oun;trahir;VERB
mashina;train;NOUN
7leb;traire;VERB
dawi/3amel;traiter;VERB
masar;trajectoire;NOUN
Tramway;tramway;NOUN
kay9eTTe3;tranchant;NOUN
Terf;tranche;NOUN
9TTe3;trancher;VERB
8ani;tranquille;NOUN
tebdal;transformation;NOUN
7wwel;transformer;VERB
iza7a;transition;NOUN
nna9l;transport;NOUN
ne99el;transporter;VERB
5edma;travail;NOUN
5dem;travailler;VERB
jemme3;traîner;VERB
5a2in;traître;NOUN
telTash;treize;NOUN
tr3d;tremble;NOUN
zelzal;tremblement de terre;NOUN
kaytr3d;trembler;VERB
fzg;tremper;VERB
tlatine;trente;NOUN
Dfer;tresser;VERB
moutllat;triangle;NOUN
moutellat;triangulaire;NOUN
me7kama;tribunal;NOUN
ghesh;tricher;VERB
nsej;tricoter;VERB
frez;trier;VERB
ghDban;triste;NOUN
taf8;trivial;NOUN
tlata;trois;NOUN
messaka;trombone;NOUN
t9ouleb;tromper;VERB
5oun;tromper;VERB
jde3;tronc;NOUN
bzzaf;trop;NOUN
Tmsha bzzaf;trotter;VERB
t9ba;trou;NOUN
2idTirab;trouble;NOUN
fer9a;troupe;NOUN
9ti3;troupeau;NOUN
l9a;trouver;VERB
7wayej;trucs;NOUN
bzzaf;très;NOUN
t3ekkel;trébucher;VERB
kenz;trésor;NOUN
nta;tu;NOUN
9tel;tuer;VERB
9rmoud;tuile;NOUN
twiyyo;tuyau;NOUN
shkel;;NOUN
namodaji;typique;NOUN
aSil;typiquement;NOUN
jabbar;tyran;NOUN
bo93a/mo8imma;tâche;NOUN
shghal;tâche;NOUN
jerreb;tâtonner;VERB
tiligraf;télégraphe;NOUN
tilifoun;téléphone;NOUN
3ayyeT;téléphoner;VERB
tilifizioun;télévision;NOUN
sh8ada;témoignage;NOUN
sh8ed;témoigner;VERB
sha8ed;témoin;NOUN
Dlam;ténèbres;NOUN
ras;tête;NOUN
raso 9ase7;têtu;NOUN
bkri;tôt;NOUN
men be3d;ultérieurement;NOUN
wa7ed;un;NOUN
wa7d n8ar;un jour;NOUN
shwiyya;un peu;NOUN
we7da;une;NOUN
kimmia mo3ayyana;une certaine quantité;NOUN
mtwe77ed;uni;NOUN
lebsa;uniforme;NOUN
itti7ad oroppi;Union Européenne;NOUN
wa7id;unique;NOUN
jme3;unir;VERB
tawa77od;unité;NOUN
3oumla;unité;NOUN
wa7ada;unité;NOUN
kawn;univers;NOUN
jami3a;université;NOUN
mezroub;urgent;NOUN
bal;uriner;VERB
ste3mel;user;VERB
staghel;user de;NOUN
louzine;usine;NOUN
lwani;ustensile;NOUN
nta7el;usurper;VERB
3oTla;vacance;NOUN
3oTla;vacances;NOUN
begra;vache;NOUN
Tbbone;vagin;NOUN
mouja;vague;NOUN
tsara;vaguer;VERB
shouja3;vaillant;NOUN
Sale7 / dayez;valable;NOUN
9ima;valeur;NOUN
balisa;valise;NOUN
swa;valoir;VERB
ghoror;vanité;NOUN
bou5ar;vapeur;NOUN
nwwe3;varier;VERB
nou3;variété;NOUN
was3;vaste;NOUN
3jel;veau;NOUN
lilla;veille;NOUN
7Di;veiller sur;NOUN
7irSS 3ala;veiller à;NOUN
3r9;veine;NOUN
ba3;vendre;VERB
nta9em;venger;VERB
sam;venimeux;NOUN
sm;venin;NOUN
aji;venir;VERB
rri7;vent;NOUN
gherbi;ventiler;VERB
kersh;ventre;NOUN
douda;ver;NOUN
douda;ver de terre;NOUN
fi3l;verbe;NOUN
7oukm;verdict;NOUN
jaj;verre;NOUN
sed;verrouiller;VERB
f ttija8;vers;NOUN
ida3;versement;NOUN
df3a lwla;versement initial;NOUN
5wi;verser;VERB
5der;vert;NOUN
3amoudi;vertical;NOUN
5iSla;vertu;NOUN
vista;veste;NOUN
melbas;vestiaire;NOUN
l7em;viande;NOUN
vibri;vibrer;VERB
3ada sayyi2a;vice;NOUN
Da7iyya;victime;NOUN
5awi;vide;NOUN
7ayat;vie;NOUN
sharef;vieillard;NOUN
sharfa;vieille;NOUN
9dima;vieille;NOUN
3adra2;vierge;NOUN
sharef;vieux;NOUN
l2aham;vif;NOUN
7aDi ras;vigilant;NOUN
9ouwa;vigueur;NOUN
skandinavi;Viking;NOUN
9riya;village;NOUN
mdina;ville;NOUN
shrab;vin;NOUN
l5el;vinaigre;NOUN
3shrine;vingt;NOUN
l3shrine;vingtième;NOUN
ghtiSab;viol;NOUN
3ounf;violence;NOUN
kamanja;violon;NOUN
jerri 3la;virer;VERB
faSila;virgule;NOUN
men na7iyet;vis-à-vis;NOUN
ta2shira;visa;NOUN
wje8;visage;NOUN
bayen;visible;NOUN
naDar;vision;NOUN
msariya;visite;NOUN
ziyara;visite;NOUN
zor;visiter;VERB
za2ir;visiteur;NOUN
bzzerba;vite;NOUN
sor3a;vitesse;NOUN
jaja;vitre;NOUN
7ayawiya;vivacité;NOUN
3ayesh;vivant;NOUN
3ish;vivre;VERB
moufradat;vocabulaire;NOUN
8a;voici;NOUN
Tri9;voie;NOUN
derra;voile;NOUN
ha;voilà;NOUN
shouf;voir;VERB
jjar;voisin;NOUN
jiran;voisinage;NOUN
tmobil;voiture;NOUN
Sawt;voix;NOUN
Tayer;volant;NOUN
borkane;volcan;NOUN
sre9;voler;VERB
motaTawi3;volontaire;NOUN
moutaTawwi3;volontaire;NOUN
irada;volonté;NOUN
7ajm;volume;NOUN
t9iyya;vomir;VERB
Sawt;vote;NOUN
bghi;vouloir;VERB
sffer;voyage;NOUN
Safer;voyager;VERB
mosafir;voyageur;NOUN
shouwwafa;voyante;NOUN
Sa7i7;vrai;NOUN
bima 2anna;vu que;NOUN
menDer;vue;NOUN
shouf;vue;NOUN
5aSer;vulgaire;NOUN
bishkliTa;vélo;NOUN
t2ekked;vérifier;VERB
7a9i9a;vérité;NOUN
Tabib l7ayawanat;vétérinaire;NOUN
7aja;vêtement;NOUN
7wayj;vêtements;NOUN
lbes;vêtir;VERB
2omniya;vœu;NOUN
moyen;wasila;NOUN
sebt w 7ed;week-end;NOUN
danon;yaourt;NOUN
beddel;zapper;VERB
zng;zinc;NOUN
ji8a;zone;NOUN
7adi9a dial l7ayawanat;zoo;NOUN
Sifr;zéro;NOUN
l;à;NOUN
bsabab;à cause de;NOUN
bsbab walou;à cause de rien;NOUN
bshart;à condition que;NOUN
bjouj;à deux;NOUN
3la limen;à droite;NOUN
diyal8a;à elles;NOUN
diyalhoum;à eux;NOUN
bjje8d;à haute voix;NOUN
m5ebbi;à l'abri;NOUN
f lwe9t;à l'heure;NOUN
daba;à l'instant;NOUN
bil2ijma3;à l'unamité;NOUN
fel 5arij;à l'étranger;NOUN
bzzerba;à la hâte;NOUN
bS7tkom;à la vôtre;NOUN
b zzez;à peine;NOUN
l 7tta wa7ed;à personne;NOUN
t9ribane;à peu près;NOUN
fima ya5oSS;à propos;NOUN
3la;à propos de;NOUN
f lwa9t;à temps;NOUN
lik;à toi;NOUN
li koulshi;à tout le monde;NOUN
weST;à travers;NOUN
bSSe77a;à votre santé;NOUN
likoum;à vous;NOUN
3mer;âge;NOUN
sharef;âgé;NOUN
43166;âne;NOUN
7mara;ânesse;NOUN
zebbal;éboueur;NOUN
ghliyan;ébullition;NOUN
tbadel;échanger;VERB
8rb;échapper;VERB
fashal;échec;NOUN
selloum;échelle;NOUN
SaDa;écho;NOUN
bre9;éclair;NOUN
medrassa;école;NOUN
sme3;écouter;VERB
kteb;écrire;VERB
sinjab;écureuil;NOUN
3yf;écœurer;NOUN
rebbi;éduquer;VERB
mtsawi;égal;NOUN
mousawat;égalité;NOUN
9adous;égout;NOUN
jje8d;élan;NOUN
lastik;élastique;NOUN
ghssil moquette ;élavage;NOUN
DDO;électricité;NOUN
ka8raba2i;électrique;NOUN
electrone;électron;NOUN
zid;élever;VERB
rebbi;élever;VERB
Tale3;élevé;NOUN
tilmid;élève;NOUN
3onSor;élément;NOUN
fil;éléphant;NOUN
7esses;émouvoir;VERB
Ta9a;énergie;NOUN
3aSSab;énerver;VERB
kbir;énorme;NOUN
ghliD;épais;NOUN
3fi;épargner;VERB
jme3;épargner;VERB
ktef;épaule;NOUN
3Triyya;épice;NOUN
7Di;épier;VERB
Sabanigh;épinard;NOUN
me9beT;épingle;NOUN
3aSr;époque;NOUN
mra/zewja;épouse;NOUN
zawj;époux;NOUN
kay 3iyyi;épuisant;NOUN
3iyyane;épuiser;VERB
fer9a;équipe;NOUN
je8ezz;équiper;VERB
moukafi2;équivalent;NOUN
shal;éscharpe;NOUN
Sayyeb;établi;NOUN
Teb9a;étage;NOUN
nsher;étaler;VERB
5ayl;étalon;NOUN
5Twa;étape;NOUN
wilaya;état;NOUN
Tfi;éteindre;VERB
raya;étendard;NOUN
sre7;étendre;VERB
dayem;éternel;NOUN
3tes;éternuer;VERB
nejma;étoile;NOUN
faj2;étonner;VERB
kay5ne9;étouffant;NOUN
5ne9;étouffer;VERB
gharib;étrange;NOUN
berrani;étranger;VERB
ghrib;étranger;VERB
Deyye9;étroit;NOUN
dirasa;étude;NOUN
Talib;étudiant;NOUN
dres;étudier;VERB
9adya;étui;NOUN
Sif;été;NOUN
ne99eT;évaluer;VERB
bTTab3;évidemment;NOUN
waDe7;évident;NOUN
lavabo;évier;NOUN
tTwr;évoluer;VERB
événement;événement;NOUN
mebli;être accro;NOUN
wa9f 3la rjlih ;être accroupi;NOUN
gales;être assis;NOUN
mtekewwen min;être composé de;NOUN
mtekki;être couché;NOUN
tkoun moujoud;être de service;NOUN
wa9ef;être debout;NOUN
koun m5talef;être différent;NOUN
m3eSSeb;être en colère;NOUN
sha3la fi8 l3afia;être en feu;NOUN
f 3ala9a m3a;être en relation avec;NOUN
m3eTTel;être en retard;NOUN
mSeTTi;être fou;NOUN
mwellef;être habitué à;NOUN
mousami7;être indulgent;NOUN
fer7an;être joyeux;NOUN
mDowwi;être lumineux;NOUN
koun;être présent;NOUN
kayn fi;être situé;NOUN
moutafarrij;être spectateur de;NOUN
mzroub;être urgent;NOUN
5awi;être vacant;NOUN
7eyyed;ôter;VERB